year,month,spx_tr_real,y10_bm_real,cpi,spx_tr_cum,y10_bm_cum,cape_shiller
1871,1,,,12.464,100.00,100.00,11.0973
1871,2,-0.0115000000,-0.0074000000,12.845,101.87,102.29,10.9193
1871,3,0.0144000000,-0.0036000000,13.035,104.87,103.44,11.1932
1871,4,0.0733000000,0.0540000000,12.559,108.45,105.05,12.0802
1871,5,0.0518000000,0.0396000000,12.274,111.47,106.73,12.5978
1871,6,0.0122000000,0.0274000000,12.083,111.08,107.95,12.6060
1871,7,-0.0138000000,-0.0122000000,12.083,109.55,106.63,12.2862
1871,8,0.0311000000,0.0243000000,11.893,111.18,107.50,12.5467
1871,9,-0.0091000000,-0.0107000000,12.179,112.81,108.91,12.3054
1871,10,-0.0618000000,-0.0183000000,12.369,107.49,108.59,11.4707
1871,11,0.0153000000,0.0059000000,12.369,109.13,109.22,11.5951
1871,12,0.0054000000,-0.0147000000,12.654,112.25,110.10,11.6069
1872,1,0.0282000000,-0.0253000000,12.654,115.42,107.31,11.9027
1872,2,0.0097000000,-0.0008000000,12.654,116.54,107.23,11.9771
1872,3,0.0197000000,-0.0066000000,12.845,120.62,108.12,12.1664
1872,4,0.0116000000,0.0023000000,13.130,124.73,110.78,12.2671
1872,5,0.0043000000,0.0247000000,13.130,125.26,113.52,12.2902
1872,6,0.0019000000,0.0229000000,13.035,124.59,115.28,12.2770
1872,7,0.0118000000,-0.0033000000,12.845,124.23,113.22,12.3739
1872,8,-0.0146000000,-0.0043000000,12.940,123.32,113.58,12.1247
1872,9,-0.0169000000,-0.0162000000,13.035,122.12,112.56,11.8512
1872,10,0.0303000000,0.0392000000,12.749,123.07,114.41,12.1415
1872,11,-0.0265000000,-0.0207000000,13.130,123.38,115.39,11.7401
1872,12,0.0428000000,0.0267000000,12.940,126.80,116.75,12.1753
1873,1,0.0122000000,-0.0115000000,12.940,128.35,115.41,12.2485
1873,2,-0.0073000000,-0.0148000000,13.225,130.23,116.21,12.0830
1873,3,-0.0044000000,0.0135000000,13.225,129.65,117.77,11.9581
1873,4,-0.0091000000,0.0123000000,13.225,128.47,119.22,11.7732
1873,5,0.0303000000,0.0416000000,12.940,129.50,121.49,12.0502
1873,6,0.0234000000,0.0470000000,12.559,128.64,123.46,12.2386
1873,7,0.0033000000,-0.0205000000,12.559,129.07,120.93,12.1707
1873,8,0.0058000000,0.0025000000,12.559,129.82,121.24,12.1335
1873,9,-0.0717000000,-0.0184000000,12.559,120.51,119.01,11.1590
1873,10,-0.0589000000,0.0040000000,12.274,110.84,116.77,10.3968
1873,11,0.0014000000,0.0341000000,11.893,107.56,117.01,10.3083
1873,12,0.0757000000,0.0289000000,12.179,118.48,123.28,10.9744
1874,1,0.0416000000,-0.0245000000,12.369,125.34,122.14,11.3380
1874,2,0.0336000000,0.0236000000,12.369,129.55,125.03,11.6334
1874,3,-0.0087000000,0.0105000000,12.369,128.43,126.34,11.4482
1874,4,-0.0093000000,0.0265000000,12.179,125.28,127.70,11.2591
1874,5,-0.0113000000,0.0124000000,12.083,122.89,128.28,11.0370
1874,6,0.0242000000,0.0315000000,11.798,122.89,129.20,11.2055
1874,7,-0.0025000000,-0.0381000000,11.893,123.57,125.28,11.0750
1874,8,0.0164000000,0.0133000000,11.798,124.60,125.93,11.1587
1874,9,0.0223000000,0.0009000000,11.798,127.37,126.04,11.3070
1874,10,0.0192000000,0.0217000000,11.608,127.72,126.70,11.4248
1874,11,0.0193000000,0.0254000000,11.513,129.13,128.85,11.5427
1874,12,0.0028000000,0.0195000000,11.513,129.49,131.36,11.4712
1875,1,0.0059000000,-0.0106000000,11.513,130.26,129.97,11.4332
1875,2,0.0032000000,0.0115000000,11.513,130.68,131.47,11.3707
1875,3,0.0169000000,0.0051000000,11.513,132.89,132.13,11.4699
1875,4,0.0107000000,0.0083000000,11.608,135.42,134.33,11.5104
1875,5,-0.0078000000,0.0426000000,11.322,131.06,136.60,11.3465
1875,6,0.0001000000,0.0320000000,11.132,128.87,138.61,11.2713
1875,7,0.0081000000,-0.0356000000,11.132,129.91,133.67,11.2916
1875,8,0.0023000000,-0.0055000000,11.227,131.32,134.08,11.2526
1875,9,0.0024000000,0.0105000000,11.132,130.52,134.33,11.2202
1875,10,-0.0090000000,0.0067000000,11.132,129.34,135.23,11.0625
1875,11,0.0285000000,0.0175000000,11.037,131.89,136.41,11.3251
1875,12,0.0142000000,0.0190000000,10.942,132.61,137.81,11.4321
1876,1,0.0377000000,-0.0039000000,10.847,136.42,136.08,11.8066
1876,2,0.0197000000,0.0135000000,10.847,139.10,137.91,11.9840
1876,3,0.0026000000,0.0004000000,10.847,139.47,137.97,11.9667
1876,4,-0.0250000000,0.0097000000,10.751,134.79,138.09,11.6253
1876,5,0.0034000000,0.0408000000,10.371,130.46,138.64,11.6223
1876,6,0.0279000000,0.0416000000,10.085,130.41,140.44,11.8970
1876,7,-0.0067000000,-0.0163000000,10.085,129.53,138.15,11.7692
1876,8,-0.0461000000,-0.0253000000,10.181,124.73,135.92,11.1814
1876,9,-0.0633000000,-0.0234000000,10.276,117.92,133.98,10.4314
1876,10,-0.0193000000,-0.0221000000,10.466,117.79,133.45,10.1953
1876,11,-0.0202000000,-0.0021000000,10.561,116.46,134.38,9.9587
1876,12,-0.0187000000,-0.0157000000,10.751,116.34,134.65,9.7434
1877,1,-0.0192000000,-0.0366000000,10.942,116.13,132.02,9.5390
1877,2,-0.0289000000,0.0260000000,10.656,109.83,131.92,9.2434
1877,3,-0.0021000000,0.0429000000,10.181,104.70,131.44,9.1987
1877,4,-0.0905000000,-0.0168000000,10.466,97.90,132.85,8.3356
1877,5,-0.0123000000,-0.0001000000,10.656,98.45,135.25,8.2071
1877,6,-0.0134000000,0.0463000000,10.085,91.92,133.93,8.0703
1877,7,0.0367000000,-0.0056000000,10.181,96.19,134.44,8.3373
1877,8,0.1162000000,0.0329000000,9.800,103.36,133.67,9.2832
1877,9,0.0759000000,-0.0117000000,9.705,110.13,130.83,9.9614
1877,10,0.0270000000,0.0002000000,9.705,113.10,130.86,10.2027
1877,11,0.0086000000,0.0289000000,9.515,111.84,132.01,10.2609
1877,12,0.0001000000,-0.0004000000,9.515,111.85,131.95,10.2293
1878,1,0.0352000000,0.0343000000,9.229,112.31,132.38,10.5526
1878,2,-0.0047000000,0.0137000000,9.134,110.63,132.82,10.4608
1878,3,0.0416000000,0.0178000000,8.944,112.83,132.36,10.8513
1878,4,0.0461000000,0.0060000000,8.849,116.78,131.73,11.3036
1878,5,0.0414000000,0.0560000000,8.563,117.69,134.62,11.7203
1878,6,0.0493000000,0.0148000000,8.373,120.75,133.58,12.2449
1878,7,0.0103000000,-0.0165000000,8.468,123.38,132.87,12.3147
1878,8,-0.0182000000,-0.0060000000,8.563,122.50,133.56,12.0365
1878,9,0.0256000000,0.0039000000,8.563,125.63,134.08,12.2876
1878,10,0.0044000000,0.0071000000,8.468,124.78,133.53,12.2843
1878,11,0.0119000000,0.0173000000,8.373,124.84,134.31,12.3680
1878,12,0.0201000000,0.0292000000,8.183,124.45,135.09,12.5513
1879,1,0.0320000000,-0.0156000000,8.278,129.93,134.53,12.8824
1879,2,0.0269000000,-0.0044000000,8.373,134.96,135.49,13.1596
1879,3,0.0018000000,0.0105000000,8.278,133.67,135.35,13.1133
1879,4,0.0466000000,0.0226000000,8.183,138.28,136.81,13.6478
1879,5,0.0502000000,0.0264000000,8.183,145.23,140.42,14.2489
1879,6,0.0252000000,0.0095000000,8.087,147.16,140.10,14.5204
1879,7,0.0076000000,-0.0156000000,8.183,150.02,139.54,14.5390
1879,8,0.0130000000,0.0014000000,8.183,151.98,139.74,14.6360
1879,9,0.0053000000,-0.0234000000,8.468,158.12,141.23,14.6207
1879,10,0.0534000000,-0.0495000000,8.944,175.92,141.79,15.3122
1879,11,0.0032000000,-0.0387000000,9.419,185.86,143.55,15.2809
1879,12,-0.0284000000,-0.0198000000,9.705,186.06,144.97,14.7724
1880,1,0.0117000000,-0.0231000000,9.990,193.78,145.78,14.8744
1880,2,0.0230000000,0.0249000000,9.990,198.24,149.41,15.1456
1880,3,0.0105000000,0.0013000000,10.085,202.22,151.03,15.2315
1880,4,0.0208000000,0.0437000000,9.705,198.64,151.68,15.4705
1880,5,-0.0475000000,0.0431000000,9.419,183.65,153.56,14.6461
1880,6,0.0276000000,0.0356000000,9.229,184.91,155.81,14.9465
1880,7,0.0511000000,-0.0021000000,9.229,194.36,155.49,15.5962
1880,8,0.0414000000,0.0146000000,9.229,202.40,157.75,16.1231
1880,9,-0.0086000000,-0.0117000000,9.324,202.73,157.52,15.8649
1880,10,0.0328000000,-0.0067000000,9.324,209.39,156.46,16.2637
1880,11,0.0470000000,0.0174000000,9.419,221.46,160.82,16.8998
1880,12,0.0332000000,0.0036000000,9.515,231.13,163.02,17.3321
1881,1,0.0740000000,0.0187000000,9.419,245.74,164.41,18.4802
1881,2,-0.0105000000,-0.0033000000,9.515,245.62,165.53,18.1393
1881,3,0.0155000000,0.0068000000,9.515,249.43,166.66,18.2757
1881,4,-0.0085000000,0.0022000000,9.610,249.78,168.70,17.9772
1881,5,0.0578000000,0.0333000000,9.515,261.61,172.59,18.8784
1881,6,0.0149000000,0.0098000000,9.515,265.50,174.28,19.0218
1881,7,-0.0402000000,-0.0197000000,9.610,257.38,172.55,18.1272
1881,8,-0.0390000000,-0.0234000000,9.800,252.23,171.85,17.2991
1881,9,-0.0261000000,-0.0263000000,10.181,255.19,173.83,16.7363
1881,10,-0.0214000000,-0.0128000000,10.276,252.06,173.20,16.2747
1881,11,0.0192000000,0.0193000000,10.181,254.53,174.91,16.4842
1881,12,-0.0240000000,0.0147000000,10.181,248.43,177.48,15.9803
1882,1,-0.0125000000,0.0007000000,10.181,245.32,177.60,15.6751
1882,2,-0.0260000000,-0.0054000000,10.276,241.17,178.30,15.1649
1882,3,0.0021000000,0.0097000000,10.276,241.67,180.02,15.0964
1882,4,-0.0052000000,0.0040000000,10.371,242.64,182.42,14.9216
1882,5,-0.0177000000,0.0019000000,10.466,240.52,184.45,14.5600
1882,6,-0.0091000000,-0.0114000000,10.561,240.51,184.00,14.3332
1882,7,0.0711000000,0.0051000000,10.466,255.28,183.28,15.2548
1882,8,0.0239000000,-0.0037000000,10.561,263.75,184.26,15.5247
1882,9,0.0424000000,0.0301000000,10.276,267.50,184.67,16.0860
1882,10,-0.0126000000,0.0043000000,10.181,261.69,183.75,15.7821
1882,11,-0.0296000000,0.0144000000,10.085,251.57,184.65,15.2165
1882,12,0.0184000000,0.0234000000,9.990,253.79,187.19,15.3927
1883,1,0.0003000000,-0.0071000000,9.990,253.86,185.87,15.2942
1883,2,-0.0282000000,-0.0067000000,10.085,249.05,186.39,14.7636
1883,3,0.0275000000,0.0160000000,9.990,253.49,187.59,15.0693
1883,4,0.0361000000,0.0130000000,9.895,260.14,188.21,15.5119
1883,5,-0.0049000000,0.0094000000,9.800,256.37,188.15,15.3339
1883,6,0.0459000000,0.0350000000,9.515,260.34,189.07,15.9348
1883,7,0.0078000000,0.0158000000,9.324,257.13,188.21,15.9546
1883,8,-0.0408000000,0.0055000000,9.324,246.64,189.24,15.1996
1883,9,0.0269000000,0.0242000000,9.229,250.68,191.85,15.5034
1883,10,-0.0220000000,0.0074000000,9.229,245.18,193.27,15.0590
1883,11,0.0297000000,0.0236000000,9.134,249.85,195.80,15.4040
1883,12,-0.0257000000,0.0071000000,9.229,245.95,199.24,14.9148
1884,1,-0.0253000000,0.0001000000,9.229,239.73,199.27,14.4468
1884,2,0.0314000000,0.0027000000,9.229,247.26,199.82,14.8110
1884,3,0.0003000000,0.0072000000,9.229,247.33,201.26,14.7274
1884,4,-0.0146000000,0.0181000000,9.039,238.70,200.68,14.4258
1884,5,-0.0607000000,0.0015000000,8.849,219.50,196.76,13.4659
1884,6,-0.0343000000,-0.0076000000,8.849,211.98,195.27,12.9179
1884,7,0.0167000000,0.0132000000,8.753,213.20,195.71,13.0550
1884,8,0.0699000000,0.0065000000,8.753,228.10,196.98,13.8885
1884,9,-0.0182000000,0.0185000000,8.658,221.51,198.45,13.5635
1884,10,-0.0167000000,0.0160000000,8.563,215.42,199.41,13.2700
1884,11,0.0080000000,0.0366000000,8.373,212.33,202.12,13.3102
1884,12,0.0140000000,0.0215000000,8.278,212.85,204.12,13.4307
1885,1,-0.0179000000,-0.0069000000,8.278,209.04,202.70,13.1298
1885,2,0.0240000000,-0.0056000000,8.373,216.51,203.88,13.3848
1885,3,0.0306000000,0.0282000000,8.183,218.07,204.86,13.7342
1885,4,-0.0092000000,-0.0139000000,8.278,218.57,204.37,13.5485
1885,5,0.0165000000,0.0274000000,8.087,217.07,205.14,13.7114
1885,6,0.0241000000,0.0332000000,7.897,217.07,206.96,13.9788
1885,7,0.0293000000,-0.0097000000,7.992,226.13,207.42,14.3267
1885,8,0.0603000000,0.0047000000,7.992,239.77,208.41,15.1304
1885,9,0.0032000000,0.0173000000,7.897,237.68,209.50,15.1163
1885,10,0.0621000000,0.0037000000,7.897,252.45,210.28,15.9910
1885,11,0.0560000000,-0.0097000000,7.992,269.81,210.74,16.8240
1885,12,-0.0273000000,-0.0147000000,8.183,268.69,212.59,16.3045
1886,1,0.0274000000,0.0224000000,7.992,269.64,212.30,16.6923
1886,2,0.0227000000,0.0210000000,7.992,275.77,216.75,17.0066
1886,3,-0.0055000000,0.0217000000,7.897,270.98,218.83,16.8433
1886,4,0.0020000000,0.0114000000,7.802,268.25,218.65,16.8017
1886,5,0.0086000000,0.0262000000,7.612,263.95,218.90,16.8632
1886,6,0.0624000000,0.0209000000,7.517,276.91,220.68,17.8315
1886,7,0.0057000000,-0.0119000000,7.612,282.01,220.82,17.8458
1886,8,-0.0019000000,-0.0112000000,7.707,285.00,221.07,17.7239
1886,9,0.0292000000,0.0121000000,7.707,293.32,223.74,18.1471
1886,10,0.0284000000,0.0099000000,7.707,301.67,225.96,18.5624
1886,11,0.0277000000,0.0006000000,7.707,310.04,226.11,18.9683
1886,12,-0.0348000000,-0.0043000000,7.802,302.93,227.92,18.1941
1887,1,-0.0312000000,-0.0303000000,7.992,300.65,226.40,17.5122
1887,2,-0.0158000000,-0.0024000000,8.087,299.43,228.55,17.1254
1887,3,0.0266000000,0.0050000000,8.087,307.41,229.70,17.4732
1887,4,0.0260000000,0.0045000000,8.087,315.40,230.74,17.8230
1887,5,0.0203000000,0.0036000000,8.087,321.80,231.56,18.0754
1887,6,-0.0142000000,0.0150000000,7.992,313.51,232.26,17.7077
1887,7,-0.0093000000,0.0024000000,7.897,306.91,230.06,17.4315
1887,8,-0.0332000000,-0.0151000000,7.992,300.28,229.31,16.7398
1887,9,0.0027000000,-0.0002000000,7.897,297.49,226.53,16.6766
1887,10,-0.0413000000,-0.0059000000,7.992,288.65,227.91,15.8807
1887,11,0.0111000000,0.0007000000,8.087,295.33,230.79,15.9507
1887,12,-0.0247000000,-0.0291000000,8.278,294.80,229.35,15.4555
1888,1,-0.0001000000,-0.0068000000,8.373,298.17,230.41,15.3587
1888,2,0.0096000000,0.0248000000,8.278,297.62,233.43,15.4182
1888,3,-0.0340000000,-0.0111000000,8.278,287.50,230.83,14.8090
1888,4,0.0197000000,0.0123000000,8.183,289.79,230.99,15.0201
1888,5,0.0296000000,0.0276000000,8.087,294.90,234.60,15.3879
1888,6,-0.0158000000,0.0226000000,7.992,286.83,237.07,15.0776
1888,7,0.0175000000,-0.0116000000,8.087,295.34,237.10,15.2796
1888,8,0.0250000000,0.0066000000,8.087,302.73,238.66,15.6029
1888,9,0.0282000000,0.0104000000,8.087,311.27,241.13,15.9878
1888,10,-0.0139000000,-0.0181000000,8.183,310.55,239.54,15.7159
1888,11,-0.0287000000,-0.0099000000,8.278,305.14,239.93,15.2237
1888,12,-0.0159000000,0.0061000000,8.278,300.29,241.39,14.9467
1889,1,0.0592000000,0.0313000000,7.992,307.10,240.36,15.8023
1889,2,0.0269000000,0.0247000000,7.897,311.60,243.36,16.1927
1889,3,-0.0056000000,0.0247000000,7.802,306.13,246.36,16.0650
1889,4,0.0013000000,-0.0042000000,7.802,306.54,245.31,16.0501
1889,5,0.0560000000,0.0306000000,7.612,315.82,246.66,16.9154
1889,6,0.0202000000,0.0041000000,7.612,322.19,247.67,17.2193
1889,7,-0.0170000000,-0.0061000000,7.612,316.71,246.15,16.8892
1889,8,0.0166000000,0.0006000000,7.612,321.97,246.31,17.1319
1889,9,0.0149000000,-0.0098000000,7.707,330.84,246.95,17.3508
1889,10,-0.0149000000,-0.0047000000,7.707,325.90,245.78,17.0532
1889,11,-0.0060000000,0.0016000000,7.707,323.96,246.18,16.9060
1889,12,-0.0144000000,-0.0086000000,7.802,323.23,247.08,16.6103
1890,1,0.0397000000,0.0156000000,7.612,327.86,244.80,17.2201
1890,2,-0.0081000000,-0.0152000000,7.612,325.20,241.08,17.0268
1890,3,-0.0044000000,-0.0039000000,7.612,323.77,240.14,16.9011
1890,4,0.0240000000,-0.0013000000,7.612,331.54,239.81,17.2579
1890,5,0.0328000000,-0.0092000000,7.707,346.71,240.59,17.7864
1890,6,-0.0041000000,0.0048000000,7.707,345.27,241.74,17.6844
1890,7,-0.0040000000,0.0058000000,7.707,343.89,243.13,17.5893
1890,8,-0.0553000000,-0.0242000000,7.992,336.90,246.03,16.5968
1890,9,-0.0250000000,0.0018000000,8.087,332.39,249.41,16.1697
1890,10,-0.0421000000,-0.0118000000,8.087,318.41,246.48,15.4828
1890,11,-0.0472000000,0.0273000000,7.897,296.25,247.26,14.7450
1890,12,-0.0198000000,-0.0049000000,7.897,290.38,246.05,14.4430
1891,1,0.0687000000,0.0010000000,7.802,306.60,243.33,15.4290
1891,2,0.0036000000,-0.0083000000,7.897,311.48,244.25,15.4765
1891,3,-0.0266000000,-0.0051000000,7.992,306.85,245.93,15.0516
1891,4,0.0246000000,-0.0050000000,8.087,318.15,247.62,15.4089
1891,5,0.0114000000,0.0147000000,7.992,317.99,248.30,15.5665
1891,6,0.0074000000,0.0272000000,7.802,312.71,248.98,15.6582
1891,7,-0.0006000000,-0.0258000000,7.707,308.72,239.59,15.6179
1891,8,0.0373000000,0.0002000000,7.707,320.23,239.62,16.1640
1891,9,0.0983000000,0.0241000000,7.612,347.35,242.36,17.7113
1891,10,0.0033000000,-0.0078000000,7.612,348.49,240.47,17.7166
1891,11,0.0008000000,0.0166000000,7.517,344.42,241.42,17.6717
1891,12,0.0339000000,0.0109000000,7.517,356.10,244.05,18.2063
1892,1,0.0484000000,0.0224000000,7.326,363.87,243.19,19.0164
1892,2,0.0051000000,0.0034000000,7.326,365.72,244.01,19.0364
1892,3,0.0412000000,0.0340000000,7.136,370.91,245.75,19.7381
1892,4,0.0150000000,0.0046000000,7.041,371.47,243.58,19.9433
1892,5,0.0033000000,0.0114000000,7.041,372.71,246.37,19.9115
1892,6,-0.0021000000,0.0093000000,7.041,371.94,248.66,19.7693
1892,7,-0.0231000000,-0.0334000000,7.231,373.17,246.85,19.2119
1892,8,0.0045000000,-0.0139000000,7.326,379.79,246.62,19.2043
1892,9,-0.0217000000,-0.0073000000,7.326,371.56,244.81,18.6943
1892,10,0.0234000000,0.0013000000,7.326,380.27,245.12,19.0402
1892,11,-0.0255000000,-0.0220000000,7.517,380.19,245.97,18.4633
1892,12,-0.0198000000,-0.0139000000,7.612,377.37,245.61,18.0130
1893,1,-0.0153000000,-0.0402000000,7.897,385.55,244.58,17.6566
1893,2,-0.0261000000,-0.0144000000,7.992,380.02,243.95,17.1252
1893,3,-0.0091000000,0.0331000000,7.802,367.61,246.02,16.8996
1893,4,0.0161000000,0.0125000000,7.707,368.98,246.07,17.1025
1893,5,-0.0734000000,0.0110000000,7.612,337.67,245.71,15.7810
1893,6,-0.0190000000,0.0122000000,7.421,322.98,242.48,15.4165
1893,7,-0.0651000000,0.0178000000,7.231,294.21,240.48,14.3499
1893,8,0.0209000000,0.0502000000,6.946,288.51,242.58,14.5881
1893,9,0.0333000000,-0.0235000000,7.231,310.37,246.61,15.0121
1893,10,0.0204000000,-0.0145000000,7.326,320.88,246.24,15.2718
1893,11,0.0467000000,0.0470000000,7.136,327.16,251.13,15.9424
1893,12,-0.0180000000,0.0288000000,7.041,316.99,254.93,15.6127
1894,1,0.0109000000,0.0184000000,6.850,311.78,252.61,15.7399
1894,2,0.0321000000,0.0261000000,6.755,317.31,255.59,16.2027
1894,3,0.0634000000,0.0353000000,6.565,327.94,257.17,17.1876
1894,4,0.0170000000,0.0040000000,6.565,333.51,258.20,17.4348
1894,5,-0.0336000000,-0.0015000000,6.565,322.32,257.82,16.8088
1894,6,-0.0099000000,0.0073000000,6.565,319.13,259.71,16.6063
1894,7,-0.0170000000,0.0007000000,6.565,313.72,259.89,16.2897
1894,8,0.0123000000,-0.0243000000,6.755,326.77,260.94,16.4578
1894,9,0.0055000000,-0.0067000000,6.850,333.19,262.83,16.5223
1894,10,0.0002000000,0.0282000000,6.660,324.01,262.74,16.5029
1894,11,0.0038000000,0.0094000000,6.660,325.23,265.22,16.5428
1894,12,0.0090000000,0.0174000000,6.565,323.46,265.98,16.6725
1895,1,-0.0079000000,-0.0166000000,6.565,320.92,261.57,16.5244
1895,2,-0.0103000000,0.0532000000,6.565,317.62,275.49,16.3312
1895,3,0.0038000000,0.0107000000,6.565,318.84,278.44,16.3646
1895,4,0.0030000000,-0.0290000000,6.850,333.71,282.12,16.3875
1895,5,0.0439000000,-0.0023000000,6.946,353.20,285.38,17.0804
1895,6,0.0089000000,0.0028000000,7.041,361.24,290.11,17.2074
1895,7,0.0212000000,0.0159000000,6.946,363.91,290.74,17.5460
1895,8,0.0321000000,0.0028000000,6.850,370.44,287.55,18.0741
1895,9,0.0094000000,0.0058000000,6.850,373.91,289.22,18.2003
1895,10,-0.0114000000,-0.0356000000,6.850,369.63,278.93,17.9447
1895,11,-0.0306000000,0.0299000000,6.850,358.34,287.28,17.3430
1895,12,-0.0423000000,0.0122000000,6.755,338.40,286.74,16.5484
1896,1,0.0058000000,-0.0182000000,6.660,335.56,277.54,16.5762
1896,2,0.0605000000,0.0120000000,6.565,350.76,276.85,17.5154
1896,3,-0.0124000000,0.0143000000,6.565,346.40,280.80,17.2324
1896,4,0.0274000000,0.0268000000,6.470,350.73,284.15,17.6437
1896,5,0.0136000000,0.0114000000,6.375,350.28,283.15,17.8283
1896,6,0.0001000000,0.0196000000,6.280,345.08,284.41,17.7776
1896,7,-0.0614000000,-0.0190000000,6.280,323.88,279.00,16.6371
1896,8,-0.0533000000,-0.0178000000,6.280,306.62,274.03,15.7034
1896,9,0.0563000000,0.0308000000,6.280,323.88,282.47,16.5443
1896,10,-0.0042000000,-0.0161000000,6.470,332.29,286.34,16.4389
1896,11,0.0411000000,-0.0034000000,6.660,356.13,293.75,17.0894
1896,12,-0.0333000000,0.0049000000,6.660,344.27,295.19,16.5014
1897,1,0.0328000000,0.0527000000,6.470,345.42,301.87,17.0265
1897,2,-0.0061000000,0.0074000000,6.470,343.32,304.09,16.8940
1897,3,0.0058000000,0.0088000000,6.470,345.31,306.77,16.9580
1897,4,-0.0132000000,0.0233000000,6.375,335.75,309.31,16.6969
1897,5,0.0237000000,0.0081000000,6.280,338.57,307.18,17.0478
1897,6,0.0500000000,0.0164000000,6.280,355.50,312.23,17.8505
1897,7,0.0478000000,0.0127000000,6.280,372.50,316.20,18.6520
1897,8,0.0217000000,-0.0443000000,6.565,397.87,315.93,19.0064
1897,9,0.0217000000,-0.0246000000,6.755,418.30,317.08,19.3724
1897,10,-0.0155000000,0.0301000000,6.660,406.02,322.03,19.0280
1897,11,-0.0323000000,0.0100000000,6.660,392.89,325.26,18.3584
1897,12,0.0245000000,0.0104000000,6.660,402.53,328.65,18.7488
1898,1,0.0303000000,0.0030000000,6.660,414.73,329.64,19.2490
1898,2,-0.0132000000,-0.0339000000,6.755,415.10,323.01,18.9181
1898,3,-0.0422000000,-0.0310000000,6.755,397.58,312.98,18.0422
1898,4,-0.0141000000,-0.0132000000,6.755,391.98,308.86,17.7051
1898,5,-0.0015000000,-0.0506000000,7.231,418.95,313.90,17.5956
1898,6,0.1154000000,0.0898000000,6.755,436.55,319.59,19.5448
1898,7,0.0213000000,0.0437000000,6.660,439.58,328.87,19.8589
1898,8,0.0403000000,0.0066000000,6.660,457.31,331.03,20.5449
1898,9,0.0010000000,0.0031000000,6.660,457.79,332.07,20.4427
1898,10,-0.0180000000,0.0050000000,6.660,449.57,333.74,19.9472
1898,11,0.0361000000,-0.0008000000,6.660,465.81,333.48,20.5274
1898,12,0.0501000000,-0.0023000000,6.755,496.14,337.46,21.4036
1899,1,0.0789000000,0.0099000000,6.755,535.31,340.81,22.9328
1899,2,0.0119000000,-0.0310000000,6.946,556.94,339.54,23.0481
1899,3,0.0167000000,0.0060000000,6.946,566.25,341.58,23.2797
1899,4,0.0012000000,-0.0033000000,7.041,574.70,345.12,23.1524
1899,5,-0.0393000000,0.0006000000,7.041,552.14,345.33,22.0913
1899,6,-0.0331000000,-0.0027000000,7.136,541.07,349.04,21.2121
1899,7,0.0237000000,-0.0163000000,7.231,561.27,347.94,21.5614
1899,8,0.0148000000,-0.0081000000,7.326,577.04,349.67,21.7262
1899,9,-0.0455000000,-0.0355000000,7.612,572.24,350.39,20.5911
1899,10,-0.0144000000,-0.0098000000,7.707,571.07,351.29,20.1537
1899,11,0.0092000000,-0.0044000000,7.802,583.43,354.05,20.1965
1899,12,-0.0767000000,0.0135000000,7.897,545.27,363.22,18.5126
1900,1,0.0164000000,0.0025000000,7.897,554.22,364.12,18.6743
1900,2,0.0090000000,-0.0057000000,7.992,565.93,366.40,18.7038
1900,3,0.0111000000,0.0122000000,7.992,572.21,370.88,18.7758
1900,4,0.0159000000,-0.0137000000,7.992,581.30,365.80,18.9364
1900,5,-0.0209000000,0.0356000000,7.802,555.58,369.79,18.4032
1900,6,-0.0146000000,0.0144000000,7.707,540.82,370.55,17.9927
1900,7,-0.0090000000,-0.0139000000,7.802,542.59,369.91,17.6895
1900,8,0.0296000000,0.0064000000,7.707,551.84,367.73,18.0696
1900,9,-0.0321000000,-0.0018000000,7.802,540.73,371.59,17.3419
1900,10,0.0528000000,0.0153000000,7.707,562.32,372.68,17.4699
1900,11,0.0818000000,0.0207000000,7.707,608.32,380.39,18.0111
1900,12,0.0769000000,0.0261000000,7.612,646.99,385.50,19.5664
1901,1,0.0195000000,-0.0068000000,7.707,667.84,387.64,20.9786
1901,2,0.0414000000,0.0149000000,7.612,686.88,388.57,21.6791
1901,3,0.0387000000,-0.0012000000,7.612,713.45,388.10,22.3476
1901,4,0.1003000000,0.0229000000,7.517,775.22,392.04,24.4097
1901,5,-0.0478000000,-0.0017000000,7.517,738.13,391.39,23.0640
1901,6,0.1025000000,0.0056000000,7.517,813.76,393.58,25.2385
1901,7,-0.0761000000,-0.0133000000,7.612,761.35,393.27,23.1448
1901,8,0.0042000000,-0.0193000000,7.707,774.07,390.49,22.9624
1901,9,-0.0142000000,-0.0030000000,7.802,772.48,394.11,22.5905
1901,10,-0.0083000000,0.0124000000,7.802,766.08,398.98,22.2529
1901,11,0.0121000000,-0.0097000000,7.897,784.80,399.93,22.3751
1901,12,-0.0248000000,-0.0086000000,7.992,774.56,401.25,21.6802
1902,1,0.0368000000,0.0163000000,7.897,793.52,402.93,22.3403
1902,2,0.0116000000,0.0024000000,7.897,802.72,403.89,22.4600
1902,3,0.0043000000,0.0024000000,7.897,806.15,404.85,22.4107
1902,4,0.0249000000,-0.0104000000,7.992,836.14,405.45,22.8231
1902,5,-0.0113000000,-0.0112000000,8.087,836.53,405.69,22.4280
1902,6,-0.0146000000,-0.0367000000,8.183,834.05,395.40,21.9637
1902,7,0.0256000000,-0.0233000000,8.183,855.40,386.17,22.3857
1902,8,0.0418000000,0.0153000000,8.087,880.82,387.50,23.2211
1902,9,-0.0065000000,0.0264000000,8.183,885.39,402.40,22.8566
1902,10,-0.0921000000,-0.0578000000,8.753,859.95,405.58,20.6044
1902,11,-0.0030000000,0.0268000000,8.468,829.37,402.88,20.4085
1902,12,-0.0308000000,-0.0159000000,8.563,812.84,400.92,19.6332
1903,1,0.0426000000,-0.0086000000,8.658,856.87,401.90,20.3181
1903,2,-0.0028000000,0.0061000000,8.658,854.46,404.37,20.1071
1903,3,-0.0033000000,0.0461000000,8.373,823.59,409.08,19.8846
1903,4,-0.0376000000,-0.0121000000,8.373,792.61,404.11,18.9800
1903,5,0.0069000000,0.0329000000,8.183,779.94,407.91,18.9549
1903,6,-0.0517000000,-0.0045000000,8.183,739.60,406.10,17.8186
1903,7,-0.0282000000,-0.0049000000,8.183,718.73,404.10,17.1652
1903,8,-0.0421000000,0.0025000000,8.183,688.44,405.10,16.2991
1903,9,-0.0313000000,-0.0030000000,8.278,674.64,408.57,15.6544
1903,10,-0.0170000000,0.0155000000,8.183,655.56,410.13,15.2529
1903,11,0.0194000000,0.0077000000,8.087,660.50,408.50,15.4079
1903,12,0.0502000000,0.0015000000,8.087,693.63,409.13,16.0429
1904,1,-0.0030000000,-0.0224000000,8.278,707.79,409.37,15.8618
1904,2,-0.0453000000,-0.0292000000,8.468,691.29,406.57,15.0215
1904,3,0.0120000000,0.0158000000,8.373,691.74,408.37,15.0819
1904,4,0.0403000000,0.0131000000,8.278,711.41,409.02,15.5655
1904,5,0.0057000000,0.0222000000,8.087,699.02,408.51,15.5258
1904,6,0.0053000000,0.0053000000,8.087,702.71,410.67,15.4744
1904,7,0.0452000000,0.0006000000,8.087,734.49,410.93,16.0364
1904,8,0.0255000000,-0.0166000000,8.183,762.06,408.87,17.0257
1904,9,0.0357000000,-0.0062000000,8.278,798.42,411.06,16.7426
1904,10,0.0621000000,0.0025000000,8.278,847.98,412.10,17.6332
1904,11,0.0336000000,-0.0274000000,8.468,896.61,410.04,18.0762
1904,12,0.0128000000,0.0030000000,8.468,908.08,411.28,18.1597
1905,1,0.0248000000,0.0030000000,8.468,930.64,412.51,18.4599
1905,2,0.0469000000,0.0025000000,8.468,974.30,413.56,19.1690
1905,3,0.0430000000,0.0294000000,8.373,1004.79,420.93,19.8315
1905,4,-0.0093000000,0.0025000000,8.373,995.41,421.98,19.4829
1905,5,-0.0354000000,0.0083000000,8.278,949.25,420.65,18.6295
1905,6,0.0147000000,0.0082000000,8.278,963.22,424.10,18.7359
1905,7,0.0343000000,0.0025000000,8.278,996.27,425.17,19.2059
1905,8,0.0283000000,-0.0061000000,8.373,1036.22,427.44,19.5733
1905,9,0.0176000000,0.0225000000,8.278,1042.51,432.10,19.7435
1905,10,0.0169000000,0.0025000000,8.278,1060.17,433.17,19.8974
1905,11,-0.0139000000,-0.0194000000,8.373,1057.48,429.63,19.4435
1905,12,0.0160000000,-0.0278000000,8.468,1086.60,422.42,19.5780
1906,1,0.0374000000,0.0045000000,8.468,1127.20,424.30,20.1324
1906,2,-0.0044000000,-0.0032000000,8.468,1122.29,422.96,19.8668
1906,3,-0.0216000000,0.0045000000,8.468,1098.01,424.86,19.2595
1906,4,-0.0107000000,0.0131000000,8.468,1086.27,430.43,18.8762
1906,5,-0.0344000000,-0.0189000000,8.563,1060.68,427.02,18.0540
1906,6,0.0161000000,-0.0022000000,8.563,1077.74,426.08,18.1727
1906,7,0.0109000000,0.0381000000,8.278,1053.15,427.56,18.1952
1906,8,0.0528000000,-0.0147000000,8.468,1134.20,430.95,18.9673
1906,9,0.0223000000,-0.0039000000,8.563,1172.56,434.11,19.2010
1906,10,-0.0247000000,-0.0207000000,8.753,1169.00,434.58,18.5417
1906,11,-0.0117000000,-0.0092000000,8.849,1167.83,435.27,18.1419
1906,12,-0.0165000000,-0.0091000000,8.944,1160.93,435.97,17.6600
1907,1,-0.0148000000,0.0046000000,8.849,1131.62,433.33,17.2189
1907,2,-0.0485000000,-0.0195000000,9.039,1099.90,434.02,16.2171
1907,3,-0.0850000000,0.0220000000,8.944,995.84,438.92,14.6875
1907,4,0.0089000000,0.0035000000,8.944,1004.67,440.47,14.6697
1907,5,-0.0507000000,-0.0249000000,9.134,973.98,438.62,13.7901
1907,6,-0.0379000000,-0.0144000000,9.229,946.82,436.81,13.1443
1907,7,0.0427000000,0.0026000000,9.229,987.21,437.94,13.5850
1907,8,-0.0707000000,-0.0120000000,9.229,917.37,432.69,12.5135
1907,9,-0.0060000000,-0.0092000000,9.229,911.87,428.71,12.3286
1907,10,-0.1132000000,-0.0135000000,9.324,817.01,427.29,10.8318
1907,11,-0.0133000000,0.0182000000,8.944,773.21,417.30,10.5912
1907,12,0.0795000000,-0.0007000000,8.753,816.95,408.15,11.3333
1908,1,0.0592000000,0.0138000000,8.658,855.94,409.29,11.9030
1908,2,-0.0209000000,0.0182000000,8.563,828.84,412.18,11.5548
1908,3,0.0458000000,0.0227000000,8.563,866.79,421.55,11.9847
1908,4,0.0469000000,0.0070000000,8.658,917.54,429.22,12.4489
1908,5,0.0640000000,0.0027000000,8.658,976.28,430.39,13.0785
1908,6,0.0000000000,-0.0064000000,8.658,976.28,427.63,13.0517
1908,7,0.0295000000,-0.0092000000,8.753,1016.12,428.34,13.3455
1908,8,0.0469000000,-0.0014000000,8.753,1063.82,427.76,13.8842
1908,9,-0.0071000000,-0.0014000000,8.753,1056.32,427.17,13.7014
1908,10,0.0053000000,-0.0080000000,8.849,1073.45,428.35,13.6908
1908,11,0.0602000000,-0.0094000000,8.944,1150.36,428.88,14.4350
1908,12,0.0155000000,-0.0063000000,9.039,1180.60,430.71,14.5825
1909,1,0.0177000000,0.0134000000,8.944,1188.83,431.90,14.7644
1909,2,-0.0353000000,-0.0078000000,9.039,1159.05,433.09,14.1672
1909,3,0.0174000000,0.0028000000,9.039,1179.23,434.28,14.3361
1909,4,0.0270000000,-0.0179000000,9.229,1236.54,435.48,14.6452
1909,5,0.0263000000,-0.0075000000,9.324,1282.12,436.68,14.9535
1909,6,0.0109000000,-0.0074000000,9.419,1309.26,437.88,15.0404
1909,7,0.0178000000,-0.0034000000,9.419,1332.53,436.38,15.2315
1909,8,0.0173000000,-0.0206000000,9.515,1369.28,431.69,15.4176
1909,9,-0.0055000000,-0.0154000000,9.610,1375.31,429.27,15.2544
1909,10,-0.0122000000,-0.0156000000,9.800,1385.42,430.94,14.9888
1909,11,-0.0111000000,-0.0178000000,9.895,1383.37,427.37,14.7456
1909,12,0.0056000000,-0.0105000000,9.990,1404.54,426.97,14.7506
1910,1,-0.0085000000,0.0060000000,9.895,1379.35,425.44,14.5479
1910,2,-0.0322000000,0.0029000000,9.895,1334.94,426.67,14.0020
1910,3,0.0090000000,-0.0203000000,10.085,1372.84,426.05,14.0500
1910,4,-0.0297000000,-0.0065000000,10.181,1344.69,427.29,13.5599
1910,5,0.0060000000,0.0198000000,9.990,1327.52,427.60,13.5688
1910,6,-0.0351000000,0.0148000000,9.895,1268.74,429.78,13.0197
1910,7,-0.0465000000,0.0035000000,9.895,1209.74,431.26,12.3426
1910,8,0.0386000000,0.0143000000,9.800,1244.32,433.21,12.7451
1910,9,0.0209000000,0.0171000000,9.705,1258.05,436.35,12.9372
1910,10,0.0821000000,0.0333000000,9.419,1321.27,437.61,13.9189
1910,11,0.0237000000,0.0236000000,9.229,1325.21,438.88,14.1645
1910,12,-0.0239000000,0.0007000000,9.229,1293.60,439.19,13.7415
1911,1,0.0286000000,0.0029000000,9.229,1330.63,440.47,14.0492
1911,2,0.0541000000,0.0450000000,8.944,1359.21,446.06,14.7215
1911,3,-0.0181000000,-0.0077000000,9.039,1348.81,447.34,14.3706
1911,4,0.0324000000,0.0316000000,8.753,1348.50,446.92,14.7529
1911,5,0.0256000000,-0.0117000000,8.753,1383.08,441.69,15.0477
1911,6,0.0240000000,0.0062000000,8.753,1416.33,444.45,15.3284
1911,7,-0.0110000000,-0.0079000000,8.849,1415.99,445.74,15.0831
1911,8,-0.0737000000,-0.0348000000,9.134,1353.91,444.11,13.8998
1911,9,-0.0602000000,-0.0085000000,9.229,1285.64,444.91,12.9980
1911,10,0.0101000000,0.0029000000,9.229,1298.62,446.22,13.0665
1911,11,0.0553000000,0.0112000000,9.134,1356.32,446.56,13.7280
1911,12,0.0192000000,0.0124000000,9.039,1367.92,447.38,13.9293
1912,1,-0.0053000000,-0.0064000000,9.134,1374.95,449.18,13.7950
1912,2,-0.0150000000,-0.0052000000,9.229,1368.47,451.48,13.5316
1912,3,0.0121000000,-0.0141000000,9.419,1413.59,454.30,13.6398
1912,4,0.0048000000,-0.0228000000,9.705,1463.47,457.37,13.6544
1912,5,0.0009000000,0.0024000000,9.705,1464.71,458.45,13.6170
1912,6,0.0160000000,0.0106000000,9.610,1473.61,458.78,13.7854
1912,7,0.0050000000,0.0029000000,9.610,1481.00,460.12,13.8029
1912,8,0.0168000000,-0.0113000000,9.705,1520.82,459.44,13.9848
1912,9,-0.0009000000,-0.0046000000,9.800,1534.39,461.80,13.9263
1912,10,0.0018000000,0.0024000000,9.800,1537.15,462.91,13.9051
1912,11,-0.0073000000,0.0035000000,9.800,1525.86,464.53,13.7495
1912,12,-0.0226000000,0.0116000000,9.705,1476.92,465.37,13.3890
1913,1,-0.0142000000,-0.0068000000,9.800,1470.26,466.73,13.1481
1913,2,-0.0315000000,0.0046000000,9.800,1423.93,468.86,12.6830
1913,3,-0.0148000000,0.0013000000,9.800,1402.92,469.46,12.4435
1913,4,0.0031000000,-0.0004000000,9.800,1407.31,469.28,12.4331
1913,5,-0.0129000000,0.0199000000,9.700,1374.92,473.76,12.2214
1913,6,-0.0556000000,-0.0095000000,9.800,1311.91,474.10,11.4920
1913,7,0.0080000000,-0.0311000000,9.900,1335.88,464.06,11.5340
1913,8,0.0314000000,-0.0015000000,9.900,1377.79,463.36,11.8468
1913,9,0.0038000000,-0.0115000000,10.000,1397.06,462.66,11.8433
1913,10,-0.0274000000,-0.0043000000,10.000,1358.84,460.66,11.4715
1913,11,-0.0305000000,0.0050000000,10.100,1330.58,467.58,11.0725
1913,12,0.0133000000,0.0222000000,10.000,1334.89,473.21,11.1740
1914,1,0.0455000000,0.0119000000,10.000,1395.59,478.85,11.6361
1914,2,0.0277000000,0.0159000000,9.900,1419.93,481.61,11.9102
1914,3,-0.0147000000,-0.0021000000,9.900,1399.06,480.62,11.6855
1914,4,-0.0098000000,0.0054000000,9.800,1371.35,478.31,11.5227
1914,5,0.0003000000,-0.0082000000,9.900,1385.73,479.21,11.4790
1914,6,-0.0007000000,-0.0004000000,9.900,1384.77,479.01,11.4287
1914,7,-0.0607000000,-0.0126000000,10.000,1313.92,477.76,10.6943
1914,8,-0.1012000000,-0.0167000000,10.200,1204.61,479.19,9.5767
1914,9,0.0044000000,0.0030000000,10.200,1209.95,480.65,9.5844
1914,10,-0.0409000000,0.0129000000,10.100,1149.09,482.10,9.1590
1914,11,0.0329000000,-0.0068000000,10.200,1198.59,483.56,9.4255
1914,12,0.0834000000,0.0061000000,10.100,1285.78,481.74,10.1722
1915,1,0.0224000000,0.0053000000,10.100,1314.61,484.29,10.3598
1915,2,0.0012000000,0.0131000000,10.000,1303.17,485.75,10.3298
1915,3,0.0408000000,0.0212000000,9.900,1342.73,491.09,10.7070
1915,4,0.0690000000,-0.0037000000,10.000,1449.89,494.23,11.4011
1915,5,-0.0289000000,-0.0092000000,10.100,1422.13,494.60,11.0269
1915,6,0.0156000000,0.0002000000,10.100,1444.33,494.71,11.1543
1915,7,0.0004000000,-0.0088000000,10.100,1444.95,490.34,11.1136
1915,8,0.0467000000,0.0133000000,10.100,1512.36,496.86,11.5848
1915,9,0.0412000000,-0.0038000000,10.100,1574.60,494.99,12.0116
1915,10,0.0489000000,-0.0102000000,10.200,1667.98,494.80,12.5491
1915,11,0.0286000000,-0.0033000000,10.300,1732.48,498.01,12.8577
1915,12,0.0057000000,0.0110000000,10.300,1742.39,503.50,12.8784
1916,1,-0.0216000000,-0.0089000000,10.400,1721.23,503.86,12.5436
1916,2,-0.0102000000,0.0132000000,10.400,1703.66,510.53,12.3547
1916,3,-0.0085000000,-0.0021000000,10.500,1705.40,514.34,12.1771
1916,4,-0.0160000000,-0.0087000000,10.600,1694.11,514.72,11.9065
1916,5,0.0168000000,-0.0042000000,10.700,1738.82,517.41,12.0263
1916,6,0.0049000000,-0.0146000000,10.800,1763.69,514.62,11.9960
1916,7,-0.0093000000,-0.0032000000,10.800,1747.33,512.97,11.7912
1916,8,0.0030000000,-0.0039000000,10.900,1768.83,515.69,11.7321
1916,9,0.0268000000,-0.0129000000,11.100,1849.54,518.40,11.9446
1916,10,0.0173000000,-0.0147000000,11.300,1915.41,519.96,12.0457
1916,11,0.0097000000,-0.0200000000,11.500,1968.14,518.60,12.0532
1916,12,-0.0439000000,-0.0011000000,11.600,1898.13,522.52,11.4136
1917,1,-0.0277000000,-0.0100000000,11.700,1861.44,521.73,10.9809
1917,2,-0.0740000000,-0.0171000000,12.000,1767.93,525.98,10.0632
1917,3,0.0366000000,-0.0190000000,12.000,1832.71,515.98,10.3272
1917,4,-0.0567000000,-0.0480000000,12.600,1815.17,515.78,9.6445
1917,5,-0.0434000000,-0.0319000000,12.800,1763.91,507.23,9.1390
1917,6,0.0105000000,-0.0204000000,13.000,1810.36,504.63,9.1482
1917,7,-0.0064000000,0.0201000000,12.800,1771.17,506.83,9.0035
1917,8,-0.0385000000,-0.0134000000,13.000,1729.56,507.84,8.5727
1917,9,-0.0634000000,-0.0096000000,13.300,1657.31,514.60,7.9508
1917,10,-0.0617000000,-0.0170000000,13.500,1578.45,513.47,7.3871
1917,11,-0.0764000000,0.0032000000,13.500,1457.85,515.09,6.7530
1917,12,-0.0408000000,-0.0231000000,13.700,1419.06,510.63,6.4126
1918,1,0.0566000000,-0.0160000000,14.000,1532.27,513.47,6.8156
1918,2,0.0203000000,0.0008000000,14.100,1574.49,517.58,6.7355
1918,3,-0.0247000000,0.0129000000,14.000,1524.69,520.51,6.6237
1918,4,0.0054000000,-0.0099000000,14.200,1554.82,522.74,6.5436
1918,5,0.0015000000,-0.0170000000,14.500,1590.12,524.69,6.5470
1918,6,0.0148000000,-0.0006000000,14.700,1635.96,531.62,6.5552
1918,7,-0.0264000000,-0.0222000000,15.100,1636.11,533.94,6.3578
1918,8,0.0084000000,-0.0153000000,15.400,1682.61,536.20,6.3784
1918,9,-0.0297000000,-0.0183000000,15.700,1664.49,536.62,6.2365
1918,10,0.0380000000,-0.0191000000,16.000,1760.80,536.44,6.5249
1918,11,-0.0273000000,-0.0101000000,16.300,1744.79,540.95,6.2307
1918,12,0.0088000000,-0.0247000000,16.500,1781.67,534.08,6.1482
1919,1,-0.0104000000,0.0032000000,16.500,1763.08,535.78,6.0596
1919,2,0.0586000000,0.0169000000,16.200,1832.45,534.93,6.3161
1919,3,-0.0012000000,-0.0106000000,16.400,1852.92,535.78,6.4463
1919,4,0.0387000000,-0.0133000000,16.700,1959.86,538.31,6.5543
1919,5,0.0737000000,-0.0041000000,16.900,2129.58,542.52,7.0131
1919,6,-0.0238000000,0.0023000000,16.900,2078.81,543.79,7.1216
1919,7,0.0357000000,-0.0272000000,17.400,2216.64,544.65,6.7618
1919,8,-0.0895000000,-0.0177000000,17.700,2053.06,544.26,6.6428
1919,9,0.0188000000,0.0022000000,17.800,2103.47,548.55,6.7396
1919,10,0.0629000000,-0.0112000000,18.100,2273.36,551.56,6.9470
1919,11,-0.0751000000,-0.0254000000,18.500,2149.02,549.46,6.2340
1919,12,-0.0207000000,-0.0241000000,18.900,2150.03,547.83,6.2322
1920,1,-0.0446000000,-0.0190000000,19.300,2097.67,548.80,5.6261
1920,2,-0.0789000000,-0.0153000000,19.500,1952.27,545.98,5.4751
1920,3,0.0924000000,-0.0090000000,19.700,2154.50,546.59,5.9644
1920,4,-0.0957000000,-0.0396000000,20.300,2007.56,540.95,5.4084
1920,5,-0.0491000000,-0.0327000000,20.600,1937.22,530.99,5.1352
1920,6,-0.0181000000,-0.0067000000,20.900,1929.86,535.09,5.0122
1920,7,-0.0140000000,0.0071000000,20.800,1893.72,536.33,4.9117
1920,8,0.0485000000,0.0216000000,20.300,1937.92,534.72,5.1450
1920,9,0.0150000000,0.0387000000,20.000,1937.92,547.19,5.3292
1920,10,0.0227000000,0.0371000000,19.900,1971.91,564.64,5.3847
1920,11,-0.0708000000,-0.0007000000,19.800,1823.00,561.39,4.9103
1920,12,-0.0333000000,0.0102000000,19.400,1726.70,555.67,4.8929
1921,1,0.0694000000,0.0391000000,19.000,1808.51,565.49,5.0599
1921,2,0.0299000000,0.0331000000,18.400,1803.68,565.78,5.1861
1921,3,-0.0125000000,0.0107000000,18.300,1771.43,568.71,5.1853
1921,4,0.0393000000,0.0178000000,18.100,1820.91,572.52,5.5194
1921,5,0.0090000000,0.0263000000,17.700,1796.62,574.58,5.4593
1921,6,-0.0630000000,0.0085000000,17.600,1673.89,576.21,5.2278
1921,7,0.0274000000,-0.0005000000,17.700,1729.59,579.18,5.2910
1921,8,-0.0143000000,0.0075000000,17.700,1704.88,583.51,5.1495
1921,9,0.0447000000,0.0237000000,17.500,1761.04,590.58,5.4268
1921,10,0.0286000000,0.0270000000,17.500,1811.36,606.51,5.5996
1921,11,0.0759000000,0.0248000000,17.400,1937.66,617.98,5.9540
1921,12,0.0271000000,0.0231000000,17.300,1978.77,628.62,6.0222
1922,1,0.0373000000,0.0291000000,16.900,2005.12,631.94,6.2618
1922,2,0.0356000000,-0.0002000000,16.900,2076.45,631.79,6.6029
1922,3,0.0500000000,0.0230000000,16.700,2154.48,638.68,7.1024
1922,4,0.0618000000,0.0141000000,16.700,2287.59,647.66,7.5145
1922,5,0.0557000000,0.0052000000,16.700,2414.93,651.00,7.7605
1922,6,-0.0376000000,0.0051000000,16.700,2324.24,654.35,7.5343
1922,7,0.0113000000,0.0055000000,16.800,2364.52,661.90,7.6930
1922,8,0.0886000000,0.0172000000,16.600,2543.48,665.24,8.2172
1922,9,-0.0100000000,-0.0021000000,16.600,2518.06,663.82,8.4142
1922,10,0.0219000000,-0.0112000000,16.700,2588.78,660.35,8.0668
1922,11,-0.0503000000,-0.0048000000,16.800,2473.41,661.15,7.9341
1922,12,0.0163000000,-0.0015000000,16.900,2528.74,664.06,8.1856
1923,1,0.0115000000,0.0096000000,16.800,2542.68,666.45,8.1165
1923,2,0.0694000000,0.0028000000,16.800,2719.12,668.32,8.6762
1923,3,-0.0098000000,-0.0004000000,16.800,2692.53,668.08,8.4560
1923,4,-0.0283000000,-0.0031000000,16.900,2631.96,669.99,8.0859
1923,5,-0.0360000000,0.0052000000,16.900,2537.09,673.50,7.9685
1923,6,-0.0783000000,0.0001000000,17.000,2352.34,677.56,7.2725
1923,7,0.0123000000,-0.0081000000,17.200,2409.23,680.01,7.2377
1923,8,0.0269000000,0.0087000000,17.100,2459.61,681.93,7.6093
1923,9,-0.0319000000,-0.0030000000,17.200,2395.11,683.86,7.4824
1923,10,-0.0036000000,-0.0053000000,17.300,2400.44,684.18,7.3115
1923,11,0.0610000000,0.0061000000,17.300,2546.96,688.32,7.6757
1923,12,0.0342000000,0.0052000000,17.300,2634.18,691.92,7.9628
1924,1,0.0346000000,0.0076000000,17.300,2725.45,697.19,8.2707
1924,2,-0.0105000000,0.0110000000,17.200,2681.16,700.81,8.0327
1924,3,-0.0162000000,0.0094000000,17.100,2622.33,703.31,7.9218
1924,4,0.0026000000,0.0135000000,17.000,2613.66,708.67,7.9620
1924,5,0.0106000000,0.0100000000,17.000,2641.36,715.77,7.8893
1924,6,0.0410000000,0.0173000000,17.000,2749.64,728.19,8.2432
1924,7,0.0428000000,0.0007000000,17.100,2884.25,732.98,8.6337
1924,8,0.0157000000,0.0116000000,17.000,2912.39,737.17,8.7295
1924,9,0.0000000000,-0.0034000000,17.100,2929.57,738.97,8.6116
1924,10,-0.0100000000,0.0015000000,17.200,2917.20,744.40,8.5925
1924,11,0.0738000000,0.0008000000,17.200,3132.47,744.99,9.1768
1924,12,0.0510000000,-0.0074000000,17.300,3311.28,743.78,9.5629
1925,1,0.0246000000,0.0033000000,17.300,3392.82,746.24,9.8510
1925,2,0.0190000000,0.0100000000,17.200,3437.13,749.31,9.9397
1925,3,-0.0677000000,-0.0033000000,17.300,3223.17,751.16,9.4307
1925,4,0.0412000000,0.0116000000,17.200,3336.71,755.48,9.6414
1925,5,0.0500000000,0.0023000000,17.300,3523.78,761.65,9.8924
1925,6,-0.0030000000,-0.0018000000,17.500,3554.00,769.08,9.9458
1925,7,0.0284000000,-0.0082000000,17.700,3696.79,771.51,10.0010
1925,8,0.0073000000,-0.0017000000,17.700,3723.81,770.18,10.1188
1925,9,0.0304000000,0.0032000000,17.700,3837.00,772.66,10.5249
1925,10,0.0614000000,0.0057000000,17.700,4072.57,777.02,11.1782
1925,11,-0.0156000000,-0.0111000000,18.000,4077.08,781.40,10.8122
1925,12,0.0580000000,0.0079000000,17.900,4289.65,783.23,11.4158
1926,1,0.0023000000,0.0056000000,17.900,4299.56,787.62,11.5382
1926,2,-0.0402000000,0.0081000000,17.900,4126.53,793.99,10.7782
1926,3,-0.0499000000,0.0087000000,17.800,3898.71,796.45,10.3132
1926,4,0.0188000000,-0.0017000000,17.900,3994.15,799.57,10.6129
1926,5,0.0203000000,0.0112000000,17.800,4052.64,804.01,10.8496
1926,6,0.0535000000,0.0087000000,17.700,4245.33,806.46,11.5956
1926,7,0.0346000000,0.0137000000,17.500,4342.75,808.27,11.8039
1926,8,0.0541000000,0.0072000000,17.400,4551.62,809.42,12.7268
1926,9,0.0213000000,-0.0026000000,17.500,4675.18,811.91,12.8832
1926,10,-0.0327000000,-0.0010000000,17.600,4548.08,815.75,12.5315
1926,11,0.0209000000,0.0023000000,17.700,4669.49,822.29,12.7683
1926,12,0.0210000000,0.0080000000,17.700,4767.44,828.85,13.0091
1927,1,-0.0053000000,0.0186000000,17.500,4688.44,834.73,13.3335
1927,2,0.0581000000,0.0112000000,17.400,4932.67,839.26,13.7537
1927,3,0.0165000000,0.0180000000,17.300,4985.18,849.41,14.1446
1927,4,0.0214000000,0.0045000000,17.300,5091.65,853.21,14.4474
1927,5,0.0503000000,0.0003000000,17.400,5378.71,858.45,15.2065
1927,6,-0.0168000000,-0.0111000000,17.600,5349.04,858.67,14.9274
1927,7,0.0877000000,0.0185000000,17.300,5718.92,859.63,16.6004
1927,8,0.0545000000,0.0120000000,17.200,5995.87,864.91,17.4625
1927,9,0.0300000000,-0.0014000000,17.300,6211.46,868.74,18.0291
1927,10,-0.0451000000,-0.0022000000,17.400,5965.70,871.86,17.5267
1927,11,0.0778000000,0.0136000000,17.300,6392.59,878.62,18.4183
1927,12,0.0227000000,0.0077000000,17.300,6537.39,885.40,18.8602
1928,1,-0.0016000000,0.0018000000,17.300,6526.68,887.00,18.8490
1928,2,-0.0026000000,0.0135000000,17.100,6434.39,888.61,18.8035
1928,3,0.1121000000,0.0043000000,17.100,7156.00,892.46,20.9051
1928,4,0.0358000000,0.0001000000,17.100,7411.93,892.58,21.6414
1928,5,0.0099000000,-0.0065000000,17.200,7529.21,891.99,21.8327
1928,6,-0.0317000000,0.0044000000,17.100,7248.00,890.68,21.1003
1928,7,0.0159000000,-0.0080000000,17.100,7363.11,883.53,21.3790
1928,8,0.0776000000,-0.0021000000,17.100,7934.44,881.65,22.9614
1928,9,0.0153000000,-0.0070000000,17.300,8149.72,885.67,23.2111
1928,10,0.0236000000,0.0079000000,17.200,8293.43,887.49,23.6657
1928,11,0.1231000000,0.0104000000,17.200,9314.66,896.73,26.4511
1928,12,0.0117000000,0.0028000000,17.100,9368.60,894.04,26.6131
1929,1,0.0599000000,-0.0029000000,17.100,9929.73,891.42,28.0419
1929,2,-0.0031000000,-0.0053000000,17.100,9898.52,886.66,27.7831
1929,3,0.0062000000,-0.0010000000,17.000,9901.73,880.55,27.0772
1929,4,0.0248000000,0.0174000000,16.900,10088.07,890.63,28.2882
1929,5,-0.0458000000,-0.0029000000,17.000,9682.55,893.33,26.8026
1929,6,0.1089000000,-0.0069000000,17.100,10799.69,892.34,29.6661
1929,7,0.0362000000,-0.0044000000,17.300,11321.16,898.80,30.3537
1929,8,0.1007000000,-0.0028000000,17.300,12460.78,896.32,33.2792
1929,9,-0.0466000000,0.0039000000,17.300,11880.34,899.83,31.3778
1929,10,-0.1971000000,0.0106000000,17.300,9538.86,909.36,24.9878
1929,11,-0.1306000000,0.0249000000,17.300,8293.22,931.98,21.5517
1929,12,0.0350000000,0.0078000000,17.200,8534.15,933.80,22.0588
1930,1,0.0727000000,0.0028000000,17.100,9101.72,930.99,23.4268
1930,2,0.0310000000,0.0104000000,17.000,9328.95,935.20,23.9201
1930,3,0.0894000000,0.0189000000,16.900,10102.86,947.26,25.8175
1930,4,-0.0124000000,-0.0098000000,17.000,10037.12,943.56,25.2742
1930,5,-0.0071000000,0.0138000000,16.900,9907.09,950.94,24.7851
1930,6,-0.1565000000,0.0138000000,16.800,8306.94,958.34,20.7959
1930,7,0.0527000000,0.0148000000,16.600,8640.33,960.93,21.7014
1930,8,0.0175000000,0.0079000000,16.500,8738.66,962.73,21.9106
1930,9,-0.1324000000,-0.0017000000,16.600,7627.41,966.96,18.8511
1930,10,-0.0794000000,0.0113000000,16.500,6979.34,971.99,17.2182
1930,11,-0.0111000000,0.0105000000,16.400,6859.77,976.22,17.1242
1930,12,-0.0528000000,0.0188000000,16.100,6378.65,976.37,15.8790
1931,1,0.0672000000,0.0170000000,15.900,6722.90,980.62,16.8264
1931,2,0.1331000000,0.0070000000,15.700,7521.95,975.09,18.9371
1931,3,-0.0598000000,0.0117000000,15.600,7026.97,980.21,17.6868
1931,4,-0.0861000000,0.0100000000,15.500,6380.76,983.70,16.0513
1931,5,-0.1214000000,0.0243000000,15.300,5533.66,994.62,13.3331
1931,6,0.1598000000,0.0185000000,15.100,6334.24,999.74,16.1119
1931,7,-0.0706000000,0.0009000000,15.100,5886.95,1000.67,14.8649
1931,8,0.0148000000,0.0001000000,15.100,5973.94,1000.80,14.9701
1931,9,-0.2916000000,0.0035000000,15.000,4204.05,997.62,10.5211
1931,10,0.0981000000,-0.0219000000,14.900,4585.66,969.26,11.4493
1931,11,-0.0807000000,0.0167000000,14.700,4158.98,972.19,10.4336
1931,12,-0.1330000000,-0.0148000000,14.600,3581.11,951.26,8.9569
1932,1,-0.0027000000,-0.0031000000,14.300,3498.06,928.82,9.2274
1932,2,0.0746000000,0.0304000000,14.100,3706.39,943.68,9.4160
1932,3,-0.1069000000,0.0265000000,14.000,3286.60,961.84,8.3389
1932,4,-0.1918000000,0.0307000000,13.900,2637.38,984.30,6.6782
1932,5,-0.2161000000,0.0110000000,13.700,2037.58,980.81,5.1858
1932,6,0.0069000000,0.0105000000,13.600,2036.57,983.88,5.1721
1932,7,0.3851000000,0.0182000000,13.600,2820.80,1001.77,7.1187
1932,8,0.3928000000,0.0214000000,13.500,3900.05,1015.65,9.8412
1932,9,-0.0248000000,0.0129000000,13.400,3775.03,1021.11,9.5551
1932,10,-0.1297000000,0.0096000000,13.300,3260.94,1023.17,8.2787
1932,11,-0.0461000000,0.0088000000,13.200,3087.27,1024.39,7.8620
1932,12,0.0652000000,0.0190000000,13.100,3263.78,1035.91,8.3409
1933,1,0.0278000000,0.0294000000,12.900,3303.17,1050.09,8.5428
1933,2,-0.1681000000,0.0109000000,12.700,2705.45,1045.05,7.0809
1933,3,0.0468000000,0.0015000000,12.600,2809.83,1038.40,7.3865
1933,4,0.4289000000,0.0029000000,12.600,4015.06,1041.36,10.6833
1933,5,0.1646000000,0.0129000000,12.600,4675.87,1054.80,12.2356
1933,6,0.1260000000,0.0023000000,12.700,5306.89,1065.65,13.7663
1933,7,-0.1144000000,-0.0271000000,13.100,4847.61,1069.39,12.1861
1933,8,0.1097000000,-0.0058000000,13.200,5420.38,1071.35,13.5182
1933,9,-0.1112000000,0.0043000000,13.200,4817.56,1076.00,12.0145
1933,10,-0.0871000000,0.0002000000,13.200,4398.06,1076.17,10.9672
1933,11,0.1072000000,-0.0171000000,13.200,4869.51,1057.75,12.1736
1933,12,0.0248000000,-0.0029000000,13.200,4990.15,1054.66,12.4583
1934,1,0.1092000000,0.0071000000,13.200,5535.25,1062.15,13.8053
1934,2,-0.0418000000,0.0120000000,13.300,5344.20,1083.08,13.2327
1934,3,0.0029000000,0.0136000000,13.300,5359.56,1097.86,13.2739
1934,4,-0.0242000000,0.0077000000,13.300,5229.90,1106.26,12.9564
1934,5,-0.0790000000,0.0084000000,13.300,4816.96,1115.61,11.9327
1934,6,0.0165000000,-0.0008000000,13.400,4933.08,1123.10,12.1284
1934,7,-0.1127000000,0.0050000000,13.400,4377.19,1128.70,10.7591
1934,8,0.0573000000,-0.0067000000,13.400,4628.09,1121.12,11.3692
1934,9,-0.0153000000,-0.0269000000,13.600,4625.08,1107.23,10.8469
1934,10,-0.0227000000,0.0254000000,13.500,4487.00,1126.99,10.9265
1934,11,0.0881000000,0.0025000000,13.500,4882.45,1129.86,11.8801
1934,12,0.0056000000,0.0151000000,13.400,4873.35,1138.42,11.9362
1935,1,-0.0519000000,0.0011000000,13.600,4689.24,1156.63,11.3045
1935,2,-0.0437000000,0.0001000000,13.700,4517.25,1165.30,10.7921
1935,3,-0.0281000000,0.0023000000,13.700,4390.20,1167.99,10.5578
1935,4,0.0926000000,-0.0016000000,13.800,4831.88,1174.68,11.4016
1935,5,0.0359000000,0.0031000000,13.800,5005.59,1178.36,11.7820
1935,6,0.0786000000,0.0104000000,13.700,5359.68,1182.04,12.7378
1935,7,0.0870000000,0.0040000000,13.700,5825.84,1186.73,13.7390
1935,8,0.0249000000,-0.0105000000,13.700,5970.92,1174.28,14.0460
1935,9,0.0266000000,-0.0002000000,13.700,6129.76,1174.05,14.3902
1935,10,0.0795000000,0.0058000000,13.700,6616.87,1180.88,15.5085
1935,11,0.0340000000,-0.0058000000,13.800,6891.64,1182.65,16.0147
1935,12,0.0410000000,0.0041000000,13.800,7173.97,1187.48,16.6528
1936,1,0.0687000000,0.0041000000,13.800,7666.84,1192.30,17.7827
1936,2,0.0196000000,0.0075000000,13.800,7817.30,1201.21,18.1160
1936,3,0.0354000000,0.0139000000,13.700,8035.76,1209.10,18.7413
1936,4,-0.0746000000,0.0040000000,13.700,7436.53,1213.88,17.3172
1936,5,0.0491000000,0.0039000000,13.700,7801.51,1218.66,18.1192
1936,6,0.0263000000,-0.0068000000,13.800,8065.26,1219.27,18.5762
1936,7,0.0645000000,-0.0041000000,13.900,8647.46,1223.02,19.7293
1936,8,0.0039000000,0.0010000000,14.000,8743.85,1233.08,19.7620
1936,9,0.0048000000,-0.0004000000,14.000,8785.44,1232.58,19.8096
1936,10,0.0793000000,0.0013000000,14.000,9481.89,1234.22,21.3175
1936,11,0.0071000000,0.0125000000,14.000,9549.66,1249.68,21.4002
1936,12,-0.0024000000,0.0012000000,14.000,9527.10,1251.22,21.2728
1937,1,0.0344000000,-0.0007000000,14.100,9924.99,1259.22,21.9802
1937,2,0.0183000000,0.0029000000,14.100,10107.03,1262.92,22.2143
1937,3,-0.0133000000,-0.0273000000,14.200,10043.52,1237.18,21.8374
1937,4,-0.0855000000,-0.0108000000,14.300,9249.92,1232.46,19.8627
1937,5,-0.0134000000,-0.0012000000,14.400,9190.07,1239.63,19.1384
1937,6,-0.0484000000,0.0006000000,14.400,8745.56,1240.31,18.4281
1937,7,0.0987000000,0.0032000000,14.500,9675.81,1252.94,20.1297
1937,8,-0.0511000000,-0.0056000000,14.500,9181.22,1245.95,18.9850
1937,9,-0.1440000000,-0.0028000000,14.600,7913.58,1251.00,16.1394
1937,10,-0.0967000000,0.0023000000,14.600,7148.29,1253.87,14.1255
1937,11,-0.0902000000,0.0145000000,14.500,6458.85,1263.31,13.0504
1937,12,-0.0384000000,0.0101000000,14.400,6168.06,1267.25,12.4438
1938,1,0.0349000000,0.0181000000,14.200,6294.54,1272.29,12.7740
1938,2,0.0749000000,0.0128000000,14.100,6718.36,1279.55,13.6326
1938,3,-0.2451000000,0.0004000000,14.100,5071.71,1280.12,10.2059
1938,4,0.1399000000,0.0030000000,14.200,5822.24,1293.03,11.5603
1938,5,-0.0310000000,0.0128000000,14.100,5602.17,1300.30,11.1385
1938,6,0.2539000000,0.0003000000,14.100,7024.76,1300.75,13.9159
1938,7,0.0766000000,0.0030000000,14.100,7563.17,1304.63,14.7877
1938,8,-0.0230000000,0.0038000000,14.100,7389.21,1309.65,14.5923
1938,9,0.0202000000,-0.0049000000,14.100,7538.73,1303.26,14.8801
1938,10,0.0863000000,0.0190000000,14.000,8131.05,1318.64,16.1856
1938,11,-0.0293000000,-0.0014000000,14.000,7892.79,1316.76,15.7332
1938,12,0.0409000000,0.0047000000,14.000,8215.80,1322.97,16.4041
1939,1,-0.0654000000,0.0021000000,14.000,7678.87,1325.70,15.3560
1939,2,0.0437000000,0.0137000000,13.900,7957.39,1334.25,16.0535
1939,3,-0.1324000000,0.0099000000,13.900,6904.14,1347.49,13.9423
1939,4,0.0055000000,0.0154000000,13.800,6892.28,1358.40,13.9671
1939,5,0.0663000000,0.0142000000,13.800,7349.44,1377.74,14.9801
1939,6,-0.0603000000,-0.0009000000,13.800,6906.59,1376.57,14.0894
1939,7,0.1133000000,0.0036000000,13.800,7689.44,1381.46,15.7017
1939,8,-0.0672000000,-0.0095000000,13.800,7172.33,1368.28,14.6535
1939,9,0.1437000000,-0.0588000000,14.100,8381.49,1315.84,16.7784
1939,10,-0.0035000000,0.0299000000,14.000,8293.09,1345.51,16.7348
1939,11,-0.0450000000,0.0118000000,14.000,7919.57,1361.33,15.9887
1939,12,0.0280000000,0.0108000000,14.000,8141.08,1376.01,16.6255
1940,1,-0.0241000000,0.0082000000,13.900,7888.07,1377.44,16.0494
1940,2,0.0034000000,-0.0061000000,14.000,7971.88,1378.89,16.0947
1940,3,0.0147000000,0.0107000000,14.000,8089.13,1393.68,16.2616
1940,4,-0.0007000000,-0.0034000000,14.000,8083.29,1388.96,16.2661
1940,5,-0.2352000000,-0.0146000000,14.000,6181.88,1368.71,12.3874
1940,6,0.0756000000,0.0081000000,14.100,6696.79,1389.60,13.1265
1940,7,0.0433000000,0.0153000000,14.000,6936.92,1400.83,13.7710
1940,8,0.0311000000,0.0036000000,14.000,7152.82,1405.91,14.1234
1940,9,0.0160000000,0.0089000000,14.000,7267.50,1418.41,14.2650
1940,10,0.0442000000,0.0071000000,14.000,7588.71,1428.44,14.7998
1940,11,-0.0370000000,0.0159000000,14.000,7307.86,1451.14,14.1529
1940,12,-0.0054000000,-0.0011000000,14.100,7320.25,1459.86,13.9735
1941,1,-0.0423000000,0.0016000000,14.100,7010.94,1462.15,13.2789
1941,2,-0.0094000000,-0.0062000000,14.100,6945.15,1453.06,13.0482
1941,3,0.0024000000,0.0073000000,14.200,7011.28,1474.07,12.9716
1941,4,-0.0653000000,0.0019000000,14.300,6599.74,1487.24,12.0166
1941,5,0.0019000000,-0.0062000000,14.400,6658.29,1488.42,11.9288
1941,6,0.0384000000,-0.0099000000,14.700,7058.23,1504.32,12.2751
1941,7,0.0609000000,0.0124000000,14.700,7488.12,1523.02,12.9070
1941,8,-0.0162000000,-0.0181000000,14.900,7466.70,1515.78,12.6219
1941,9,-0.0173000000,-0.0126000000,15.100,7435.91,1516.80,12.2336
1941,10,-0.0744000000,-0.0071000000,15.300,6974.15,1526.00,11.1995
1941,11,-0.0424000000,-0.0085000000,15.400,6721.98,1522.88,10.5600
1941,12,-0.0453000000,-0.0217000000,15.500,6458.86,1499.57,10.0062
1942,1,0.0074000000,-0.0102000000,15.700,6590.62,1503.50,9.9659
1942,2,-0.0315000000,-0.0108000000,15.800,6423.86,1496.70,9.5460
1942,3,-0.0660000000,-0.0037000000,16.000,6075.53,1510.10,8.8163
1942,4,-0.0428000000,-0.0098000000,16.100,5851.80,1504.60,8.3481
1942,5,0.0580000000,-0.0079000000,16.300,6268.15,1511.29,8.7850
1942,6,0.0252000000,0.0008000000,16.300,6425.81,1512.56,8.8734
1942,7,0.0312000000,-0.0070000000,16.400,6667.08,1511.14,9.0658
1942,8,0.0069000000,-0.0043000000,16.500,6754.04,1513.81,9.0443
1942,9,0.0327000000,0.0009000000,16.500,6974.76,1515.13,9.2556
1942,10,0.0571000000,-0.0093000000,16.700,7462.71,1519.17,9.7022
1942,11,-0.0145000000,-0.0060000000,16.800,7398.67,1519.14,9.4777
1942,12,0.0507000000,-0.0015000000,16.900,7820.11,1525.93,9.8701
1943,1,0.0767000000,0.0053000000,16.900,8419.79,1534.09,10.5831
1943,2,0.0553000000,0.0008000000,16.900,8885.52,1535.36,10.9394
1943,3,0.0388000000,-0.0175000000,17.200,9393.71,1535.28,11.3504
1943,4,-0.0064000000,-0.0080000000,17.400,9441.70,1540.71,11.1840
1943,5,0.0431000000,0.0005000000,17.500,9905.35,1550.29,11.6393
1943,6,0.0239000000,0.0026000000,17.500,10141.90,1554.30,11.7547
1943,7,-0.0447000000,0.0056000000,17.400,9632.77,1554.14,11.1355
1943,8,0.0204000000,0.0057000000,17.300,9772.94,1554.00,11.2678
1943,9,0.0221000000,-0.0040000000,17.400,10046.27,1556.67,11.4214
1943,10,-0.0090000000,-0.0001000000,17.400,9955.51,1556.56,11.2250
1943,11,-0.0712000000,-0.0009000000,17.400,9246.32,1555.09,10.3402
1943,12,0.0636000000,0.0009000000,17.400,9834.38,1556.43,10.9151
1944,1,0.0198000000,0.0018000000,17.400,10029.59,1559.18,11.0524
1944,2,0.0018000000,0.0054000000,17.400,10047.97,1567.52,10.9944
1944,3,0.0213000000,0.0017000000,17.400,10261.92,1570.24,11.1505
1944,4,-0.0138000000,-0.0049000000,17.500,10178.70,1571.56,11.0027
1944,5,0.0449000000,0.0017000000,17.500,10635.32,1574.29,11.3332
1944,6,0.0493000000,-0.0048000000,17.600,11223.03,1575.63,11.8150
1944,7,-0.0222000000,-0.0039000000,17.700,11035.73,1578.39,11.4769
1944,8,0.0128000000,0.0044000000,17.700,11177.53,1585.39,11.5507
1944,9,0.0010000000,0.0008000000,17.700,11189.17,1586.71,11.4904
1944,10,0.0042000000,0.0008000000,17.700,11235.89,1588.04,11.4665
1944,11,0.0081000000,0.0017000000,17.700,11326.75,1590.80,11.4874
1944,12,0.0334000000,-0.0048000000,17.800,11771.12,1592.15,11.8430
1945,1,0.0184000000,0.0144000000,17.800,11987.59,1615.02,11.9427
1945,2,0.0656000000,0.0070000000,17.800,12774.50,1626.36,12.6605
1945,3,-0.0424000000,0.0061000000,17.800,12233.34,1636.25,12.0668
1945,4,0.0919000000,0.0124000000,17.800,13358.17,1656.48,13.1272
1945,5,0.0094000000,-0.0042000000,17.900,13559.95,1658.87,13.2037
1945,6,-0.0108000000,-0.0052000000,18.100,13563.65,1668.73,13.0171
1945,7,-0.0164000000,-0.0013000000,18.100,13341.50,1666.57,12.7626
1945,8,0.0617000000,0.0032000000,18.100,14165.16,1671.94,13.5076
1945,9,0.0455000000,0.0041000000,18.100,14808.98,1678.81,14.2251
1945,10,0.0337000000,0.0068000000,18.100,15308.37,1690.21,14.5053
1945,11,0.0357000000,0.0058000000,18.100,15855.43,1700.08,14.9784
1945,12,0.0075000000,-0.0149000000,18.200,16062.94,1684.04,15.0463
1946,1,0.0730000000,0.0068000000,18.200,17234.94,1695.48,16.1000
1946,2,-0.0613000000,0.0087000000,18.100,16090.34,1700.81,15.0726
1946,3,0.0381000000,-0.0078000000,18.300,16888.01,1706.13,15.5925
1946,4,0.0351000000,-0.0174000000,18.400,17576.04,1685.52,16.1268
1946,5,0.0199000000,-0.0049000000,18.500,18022.69,1686.42,16.4248
1946,6,-0.0465000000,-0.0066000000,18.700,17371.20,1693.40,15.7392
1946,7,-0.0767000000,-0.0576000000,19.800,16982.09,1689.73,14.4356
1946,8,-0.0882000000,-0.0236000000,20.200,15797.90,1683.11,12.2696
1946,9,-0.1068000000,-0.0127000000,20.400,14251.10,1678.10,11.7410
1946,10,-0.0228000000,-0.0160000000,20.800,14199.52,1683.70,11.4640
1946,11,-0.0312000000,-0.0290000000,21.300,14087.43,1674.23,11.0968
1946,12,0.0372000000,0.0003000000,21.500,14748.93,1690.46,11.5023
1947,1,0.0279000000,0.0060000000,21.480,15146.62,1699.11,11.8158
1947,2,-0.0169000000,-0.0032000000,21.620,14987.12,1704.68,11.6049
1947,3,-0.0296000000,-0.0158000000,22.000,14799.05,1707.18,11.2491
1947,4,-0.0348000000,-0.0003000000,22.000,14283.61,1706.62,10.8405
1947,5,-0.0026000000,0.0047000000,21.950,14214.01,1710.68,10.6766
1947,6,0.0510000000,-0.0080000000,22.080,15027.99,1707.08,11.3224
1947,7,0.0337000000,-0.0044000000,22.230,15640.44,1711.19,11.6813
1947,8,-0.0320000000,-0.0034000000,22.400,15256.03,1718.37,11.3295
1947,9,-0.0288000000,-0.0222000000,22.840,15108.22,1713.21,10.9342
1947,10,0.0232000000,-0.0104000000,22.910,15505.86,1700.52,11.1614
1947,11,-0.0304000000,-0.0138000000,23.060,15133.13,1688.07,10.8458
1947,12,0.0103000000,-0.0273000000,23.410,15521.78,1666.93,10.8699
1948,1,-0.0459000000,-0.0096000000,23.680,14980.44,1669.95,10.3353
1948,2,-0.0419000000,0.0040000000,23.670,14346.62,1675.98,9.9144
1948,3,0.0893000000,0.0099000000,23.500,15515.92,1680.49,10.6944
1948,4,0.0176000000,-0.0108000000,23.820,16003.58,1685.01,10.8268
1948,5,0.0741000000,0.0019000000,24.010,17326.87,1701.63,11.5985
1948,6,0.0022000000,-0.0130000000,24.150,17465.80,1689.39,11.5143
1948,7,-0.0595000000,-0.0102000000,24.400,16595.87,1689.40,10.7546
1948,8,0.0113000000,-0.0012000000,24.430,16803.82,1689.43,10.7766
1948,9,-0.0226000000,0.0074000000,24.360,16376.56,1697.05,10.4344
1948,10,0.0747000000,0.0003000000,24.310,17563.48,1694.05,11.2090
1948,11,-0.0979000000,0.0126000000,24.160,15746.38,1704.75,9.9018
1948,12,0.0407000000,0.0091000000,24.050,16313.24,1712.38,10.1889
1949,1,0.0087000000,0.0079000000,24.010,16427.98,1723.08,10.1552
1949,2,-0.0303000000,0.0068000000,23.910,15863.87,1727.60,9.7289
1949,3,0.0357000000,0.0053000000,23.910,16430.76,1736.76,9.9577
1949,4,-0.0157000000,0.0022000000,23.920,16180.03,1741.24,9.6836
1949,5,-0.0314000000,0.0030000000,23.910,15665.33,1745.71,9.2665
1949,6,0.0029000000,0.0084000000,23.920,15717.46,1761.18,9.1828
1949,7,0.0792000000,0.0136000000,23.700,16806.50,1768.74,9.8453
1949,8,0.0175000000,0.0079000000,23.700,17100.15,1782.66,9.8541
1949,9,0.0267000000,-0.0033000000,23.750,17593.53,1780.58,10.0054
1949,10,0.0392000000,0.0049000000,23.670,18221.12,1783.32,10.2797
1949,11,0.0058000000,0.0003000000,23.700,18349.38,1786.07,10.2264
1949,12,0.0536000000,0.0099000000,23.610,19260.20,1796.85,10.6650
1950,1,0.0275000000,-0.0032000000,23.510,19705.47,1783.51,10.8495
1950,2,0.0114000000,-0.0044000000,23.610,20014.56,1783.14,10.8672
1950,3,0.0084000000,-0.0015000000,23.640,20209.29,1782.80,10.8556
1950,4,0.0505000000,-0.0033000000,23.650,21237.86,1777.71,11.3931
1950,5,0.0396000000,-0.0043000000,23.770,22189.86,1779.07,11.6399
1950,6,-0.0571000000,-0.0083000000,23.880,21020.05,1772.51,10.8720
1950,7,0.0067000000,-0.0062000000,24.070,21330.07,1775.55,10.8344
1950,8,0.0331000000,-0.0037000000,24.200,22156.04,1778.60,11.0823
1950,9,0.0558000000,-0.0076000000,24.340,23527.72,1775.30,11.7302
1950,10,0.0038000000,-0.0101000000,24.500,23772.74,1768.90,11.5108
1950,11,0.0012000000,-0.0049000000,24.600,23897.41,1767.35,11.4026
1950,12,0.0364000000,-0.0125000000,24.980,25149.80,1772.15,11.9000
1951,1,0.0506000000,-0.0096000000,25.380,26846.23,1783.31,12.1574
1951,2,-0.0053000000,-0.0209000000,25.830,27176.69,1776.94,11.9702
1951,3,-0.0144000000,-0.0134000000,25.880,26835.88,1756.54,11.6799
1951,4,0.0526000000,-0.0085000000,25.920,28290.42,1744.36,12.1734
1951,5,-0.0374000000,-0.0086000000,25.990,27306.64,1733.97,11.6033
1951,6,-0.0177000000,0.0035000000,25.930,26760.96,1736.09,11.3619
1951,7,0.0756000000,0.0118000000,25.910,28761.32,1755.30,12.0282
1951,8,0.0518000000,0.0139000000,25.860,30191.47,1776.18,12.4875
1951,9,-0.0065000000,-0.0169000000,26.030,30191.47,1757.59,12.4752
1951,10,-0.0136000000,-0.0056000000,26.160,29928.71,1756.51,12.1083
1951,11,-0.0036000000,-0.0075000000,26.320,30003.67,1753.93,11.9785
1951,12,0.0381000000,-0.0009000000,26.470,31324.80,1762.33,12.3490
1952,1,0.0216000000,0.0028000000,26.450,31977.55,1766.02,12.5294
1952,2,-0.0302000000,-0.0008000000,26.410,30966.15,1761.92,12.0619
1952,3,0.0535000000,0.0028000000,26.390,32598.52,1765.60,12.6128
1952,4,-0.0405000000,0.0091000000,26.460,31362.58,1786.33,12.0046
1952,5,0.0275000000,0.0051000000,26.470,32236.28,1796.15,12.2097
1952,6,0.0489000000,-0.0038000000,26.530,33889.98,1793.39,12.7320
1952,7,0.0170000000,-0.0088000000,26.680,34659.69,1787.58,12.8459
1952,8,-0.0100000000,-0.0062000000,26.690,34326.57,1777.24,12.6724
1952,9,-0.0126000000,-0.0052000000,26.630,33819.25,1764.02,12.3539
1952,10,0.0015000000,0.0122000000,26.690,33945.31,1789.60,12.2697
1952,11,0.0516000000,0.0030000000,26.690,35695.51,1794.91,12.8057
1952,12,0.0391000000,-0.0004000000,26.710,37120.23,1795.52,13.1982
1953,1,-0.0001000000,-0.0048000000,26.640,37020.27,1782.13,13.1570
1953,2,-0.0118000000,-0.0020000000,26.590,36513.08,1775.19,12.8527
1953,3,-0.0207000000,-0.0045000000,26.630,35809.32,1769.93,12.4776
1953,4,-0.0241000000,-0.0060000000,26.690,35024.11,1763.25,12.0862
1953,5,0.0016000000,-0.0170000000,26.700,35093.04,1734.01,11.8076
1953,6,-0.0142000000,-0.0053000000,26.770,34686.10,1729.41,11.7326
1953,7,0.0297000000,0.0176000000,26.790,35742.55,1761.14,11.9800
1953,8,-0.0553000000,-0.0015000000,26.850,33840.81,1762.39,11.2245
1953,9,0.0046000000,0.0079000000,26.890,34048.72,1779.02,11.1841
1953,10,0.0541000000,0.0186000000,26.950,35970.23,1816.11,11.7440
1953,11,0.0174000000,0.0042000000,26.850,36460.96,1816.98,11.7917
1953,12,0.0061000000,0.0094000000,26.870,36712.38,1835.35,11.7600
1954,1,0.0535000000,0.0092000000,26.940,38775.70,1857.03,12.2362
1954,2,0.0057000000,0.0011000000,26.990,39070.80,1862.49,12.2840
1954,3,0.0368000000,0.0131000000,26.930,40420.24,1882.68,12.5815
1954,4,0.0563000000,0.0116000000,26.860,42586.30,1899.62,13.1754
1954,5,0.0346000000,-0.0077000000,26.930,44172.67,1889.99,13.5132
1954,6,0.0046000000,0.0007000000,26.940,44393.23,1892.08,13.4564
1954,7,0.0643000000,0.0120000000,26.860,47105.64,1909.12,14.2527
1954,8,-0.0295000000,-0.0029000000,26.850,45697.31,1902.78,13.6595
1954,9,0.0889000000,0.0017000000,26.810,49684.42,1903.20,14.7468
1954,10,-0.0122000000,0.0010000000,26.720,48914.81,1898.67,14.4885
1954,11,0.0823000000,-0.0046000000,26.780,53059.63,1894.24,15.4935
1954,12,0.0549000000,-0.0002000000,26.770,55951.04,1893.19,16.2055
1955,1,0.0215000000,-0.0066000000,26.770,57151.37,1880.70,16.4138
1955,2,0.0055000000,-0.0032000000,26.820,57570.95,1878.24,16.3547
1955,3,-0.0001000000,0.0016000000,26.790,57498.77,1879.12,16.2048
1955,4,0.0410000000,-0.0047000000,26.790,59854.16,1870.24,16.7578
1955,5,0.0029000000,0.0022000000,26.770,59981.54,1872.90,16.6165
1955,6,0.0882000000,0.0028000000,26.710,65125.23,1873.95,17.9160
1955,7,0.0623000000,-0.0099000000,26.760,69310.75,1858.82,18.5926
1955,8,-0.0032000000,-0.0022000000,26.720,68984.32,1852.04,18.6067
1955,9,0.0096000000,-0.0024000000,26.850,69984.22,1856.62,18.5998
1955,10,-0.0263000000,0.0115000000,26.820,68064.23,1875.80,17.9280
1955,11,0.0758000000,-0.0007000000,26.880,73385.17,1878.67,19.0894
1955,12,0.0024000000,-0.0033000000,26.870,73535.76,1871.80,18.8102
1956,1,-0.0317000000,0.0040000000,26.830,71101.26,1876.42,18.1406
1956,2,0.0366000000,0.0064000000,26.860,73787.11,1890.59,18.6040
1956,3,0.0714000000,-0.0089000000,26.890,79146.13,1875.80,19.8045
1956,4,-0.0005000000,-0.0176000000,26.930,79226.44,1845.62,19.4888
1956,5,-0.0662000000,0.0083000000,27.030,74254.75,1867.87,17.9972
1956,6,0.0380000000,0.0041000000,27.150,77418.25,1883.82,18.4580
1956,7,0.0493000000,-0.0119000000,27.290,81656.45,1870.96,19.1763
1956,8,-0.0359000000,-0.0167000000,27.310,78786.66,1841.15,18.2924
1956,9,-0.0435000000,-0.0029000000,27.350,75469.34,1838.47,17.0581
1956,10,0.0026000000,0.0004000000,27.510,76107.16,1849.89,17.1689
1956,11,-0.0079000000,-0.0099000000,27.510,75508.44,1831.66,16.8646
1956,12,0.0339000000,-0.0098000000,27.630,78408.96,1821.55,17.2689
1957,1,-0.0401000000,0.0015000000,27.670,75371.77,1827.00,16.4197
1957,2,-0.0340000000,0.0082000000,27.800,73149.36,1850.62,15.7156
1957,3,0.0208000000,-0.0052000000,27.860,74830.29,1845.01,15.9111
1957,4,0.0376000000,-0.0055000000,27.930,77839.93,1839.53,16.3585
1957,5,0.0375000000,-0.0095000000,28.000,80961.47,1826.61,16.8341
1957,6,-0.0021000000,-0.0173000000,28.110,81105.00,1802.03,16.6869
1957,7,0.0116000000,-0.0104000000,28.190,82280.44,1788.45,16.7301
1957,8,-0.0561000000,0.0001000000,28.280,77912.39,1794.31,15.7454
1957,9,-0.0600000000,0.0027000000,28.320,73340.86,1801.67,14.6131
1957,10,-0.0285000000,-0.0009000000,28.320,71247.45,1800.12,14.0820
1957,11,0.0165000000,0.0210000000,28.410,72651.49,1843.73,14.0797
1957,12,-0.0399000000,0.0443000000,28.470,69898.84,1929.39,13.5292
1958,1,0.0402000000,0.0067000000,28.640,73145.30,1953.99,13.9684
1958,2,-0.0191000000,0.0038000000,28.700,71895.28,1965.57,13.6022
1958,3,0.0284000000,0.0025000000,28.870,74372.80,1982.12,13.8936
1958,4,0.0327000000,0.0085000000,28.940,76994.53,2003.72,14.2604
1958,5,0.0183000000,-0.0009000000,28.940,78401.89,2001.82,14.5090
1958,6,0.0304000000,-0.0007000000,28.910,80702.93,1998.33,14.7959
1958,7,0.0470000000,-0.0159000000,28.890,84438.96,1965.21,15.4148
1958,8,0.0132000000,-0.0269000000,28.940,85698.74,1915.56,15.6255
1958,9,0.0525000000,-0.0141000000,28.910,90103.64,1886.55,16.2897
1958,10,0.0283000000,-0.0002000000,28.910,92652.07,1886.22,16.6838
1958,11,0.0238000000,0.0068000000,28.950,94990.72,1901.60,17.0867
1958,12,0.0541000000,-0.0075000000,28.970,100196.11,1888.71,17.8804
1959,1,0.0051000000,0.0018000000,29.010,100844.59,1894.79,17.8495
1959,2,0.0028000000,0.0086000000,29.000,101094.42,1910.39,18.0160
1959,3,0.0042000000,0.0019000000,28.970,101418.04,1912.04,17.9318
1959,4,0.0411000000,-0.0075000000,28.980,105624.14,1898.34,18.6094
1959,5,0.0194000000,-0.0139000000,29.040,107896.82,1875.89,18.8903
1959,6,-0.0034000000,-0.0012000000,29.110,107784.83,1878.08,18.7735
1959,7,0.0360000000,-0.0026000000,29.150,111823.35,1875.79,19.3770
1959,8,-0.0136000000,0.0002000000,29.180,110420.68,1878.13,19.0425
1959,9,-0.0454000000,-0.0186000000,29.250,105660.61,1847.62,18.1071
1959,10,0.0105000000,0.0126000000,29.350,107132.63,1877.28,18.1901
1959,11,0.0159000000,0.0038000000,29.350,108832.18,1884.36,18.4423
1959,12,0.0281000000,-0.0110000000,29.410,112123.89,1867.36,18.8881
1960,1,-0.0675000000,0.0029000000,29.370,104413.82,1870.16,17.6495
1960,2,0.0107000000,0.0212000000,29.410,105675.22,1912.47,17.6540
1960,3,-0.0110000000,0.0233000000,29.410,104511.26,1957.06,17.3878
1960,4,-0.0189000000,-0.0033000000,29.540,102986.57,1959.25,16.9132
1960,5,0.0288000000,-0.0031000000,29.570,106059.64,1955.19,17.4124
1960,6,0.0211000000,0.0186000000,29.610,108439.37,1994.17,17.7185
1960,7,-0.0199000000,0.0260000000,29.550,106062.48,2041.95,17.3159
1960,8,0.0270000000,0.0094000000,29.610,109143.16,2065.27,17.7225
1960,9,-0.0575000000,0.0032000000,29.610,102862.72,2071.81,16.6517
1960,10,-0.0041000000,-0.0088000000,29.750,102924.13,2063.25,16.5348
1960,11,0.0423000000,-0.0010000000,29.780,107382.03,2063.24,17.1869
1960,12,0.0481000000,0.0096000000,29.810,112665.49,2085.16,17.8026
1961,1,0.0649000000,0.0022000000,29.840,120094.43,2091.83,19.0912
1961,2,0.0295000000,0.0081000000,29.840,123635.78,2108.77,19.6105
1961,3,0.0281000000,0.0064000000,29.840,127107.81,2122.29,20.2846
1961,4,0.0073000000,0.0009000000,29.810,127912.03,2122.00,20.1809
1961,5,0.0206000000,0.0079000000,29.840,130676.33,2140.83,20.5982
1961,6,-0.0263000000,-0.0107000000,29.840,127243.77,2118.01,20.0130
1961,7,0.0324000000,-0.0027000000,29.920,131718.58,2117.98,20.6163
1961,8,0.0214000000,-0.0071000000,29.940,134625.56,2104.36,21.0081
1961,9,-0.0186000000,0.0069000000,29.980,132298.71,2121.72,20.5764
1961,10,0.0308000000,0.0082000000,29.980,136379.13,2139.13,21.1378
1961,11,0.0418000000,0.0016000000,29.980,142079.54,2142.64,21.9556
1961,12,0.0046000000,-0.0074000000,30.010,142872.70,2128.90,21.8041
1962,1,-0.0365000000,-0.0009000000,30.040,137800.38,2129.21,21.1087
1962,2,0.0164000000,0.0092000000,30.110,140383.11,2153.83,21.3752
1962,3,-0.0054000000,0.0128000000,30.170,139901.15,2185.66,21.1228
1962,4,-0.0607000000,0.0019000000,30.210,131577.08,2192.69,19.8074
1962,5,-0.0843000000,-0.0010000000,30.240,120608.50,2192.62,18.0549
1962,6,-0.0780000000,-0.0039000000,30.210,111085.12,2182.00,16.8986
1962,7,0.0664000000,-0.0002000000,30.220,118497.36,2182.20,17.5741
1962,8,0.0162000000,0.0079000000,30.280,120661.40,2203.77,17.7702
1962,9,-0.0497000000,0.0003000000,30.420,115198.78,2214.63,16.5674
1962,10,0.0089000000,0.0062000000,30.380,116074.11,2225.50,16.8622
1962,11,0.1047000000,0.0033000000,30.380,128226.66,2232.77,18.5343
1962,12,0.0163000000,0.0090000000,30.380,130322.71,2252.81,18.7422
1963,1,0.0499000000,-0.0004000000,30.440,137095.55,2256.38,19.5787
1963,2,-0.0274000000,-0.0038000000,30.480,133510.65,2250.85,18.9454
1963,3,0.0372000000,0.0015000000,30.510,138617.62,2256.41,19.6360
1963,4,0.0523000000,0.0043000000,30.480,145724.92,2263.84,20.4763
1963,5,0.0160000000,0.0015000000,30.510,148195.75,2269.45,20.7012
1963,6,-0.0208000000,-0.0032000000,30.610,145586.11,2269.58,20.0214
1963,7,-0.0034000000,0.0007000000,30.690,145469.31,2277.15,20.0005
1963,8,0.0494000000,-0.0002000000,30.750,152948.52,2281.04,20.9309
1963,9,-0.0075000000,0.0003000000,30.720,151649.04,2279.45,20.6243
1963,10,0.0339000000,-0.0040000000,30.750,156936.58,2272.45,21.2147
1963,11,-0.0089000000,0.0082000000,30.780,155685.05,2293.24,21.0393
1963,12,0.0237000000,-0.0047000000,30.880,159894.58,2289.91,21.3022
1964,1,0.0275000000,0.0007000000,30.940,164613.17,2295.95,21.7748
1964,2,0.0134000000,0.0020000000,30.910,166651.28,2298.32,21.9982
1964,3,0.0167000000,-0.0015000000,30.940,169594.80,2297.04,22.1978
1964,4,0.0083000000,0.0040000000,30.950,171052.07,2307.00,22.2603
1964,5,0.0130000000,0.0050000000,30.980,173437.77,2320.72,22.3546
1964,6,0.0179000000,0.0058000000,31.010,176713.82,2336.35,22.7052
1964,7,0.0204000000,-0.0001000000,31.020,180376.37,2336.88,23.0418
1964,8,-0.0147000000,0.0009000000,31.050,177889.55,2341.25,22.5757
1964,9,0.0302000000,0.0050000000,31.080,183440.44,2355.16,23.1279
1964,10,0.0093000000,0.0038000000,31.120,185376.86,2367.19,23.2968
1964,11,-0.0056000000,-0.0027000000,31.210,184870.57,2367.74,22.9502
1964,12,0.0051000000,0.0014000000,31.250,186049.48,2374.11,22.9403
1965,1,0.0347000000,0.0042000000,31.280,192684.33,2386.28,23.6135
1965,2,0.0009000000,0.0011000000,31.280,192866.42,2388.83,23.4569
1965,3,-0.0130000000,0.0042000000,31.310,190533.69,2401.10,23.0766
1965,4,0.0345000000,0.0005000000,31.380,197538.45,2407.56,23.7488
1965,5,-0.0085000000,-0.0013000000,31.480,196490.72,2412.11,23.2439
1965,6,-0.0501000000,0.0018000000,31.610,187417.99,2426.48,22.1445
1965,7,0.0170000000,0.0028000000,31.580,190429.44,2431.05,22.4573
1965,8,0.0261000000,0.0004000000,31.550,195213.20,2429.78,22.8890
1965,9,0.0323000000,-0.0051000000,31.620,201958.22,2422.76,23.5200
1965,10,0.0289000000,-0.0022000000,31.650,207989.19,2419.83,24.0420
1965,11,-0.0094000000,-0.0051000000,31.750,206676.57,2415.10,23.7577
1965,12,0.0082000000,-0.0130000000,31.850,209037.42,2391.27,23.8480
1966,1,0.0064000000,0.0029000000,31.880,210578.51,2400.54,23.8953
1966,2,-0.0215000000,-0.0275000000,32.080,207340.60,2349.22,23.2765
1966,3,-0.0223000000,0.0253000000,32.180,203344.71,2416.25,22.6541
1966,4,0.0200000000,-0.0054000000,32.280,208052.87,2410.75,22.9617
1966,5,-0.0536000000,0.0010000000,32.350,197328.39,2418.50,21.6644
1966,6,-0.0143000000,-0.0100000000,32.380,194684.20,2396.49,21.2471
1966,7,-0.0127000000,-0.0042000000,32.450,192618.91,2391.62,20.5432
1966,8,-0.0805000000,-0.0254000000,32.650,178197.70,2345.14,19.0754
1966,9,-0.0069000000,0.0279000000,32.750,177505.53,2418.00,18.8334
1966,10,0.0475000000,0.0050000000,32.850,186499.67,2437.49,19.6138
1966,11,0.0052000000,-0.0083000000,32.880,187637.59,2419.46,19.6006
1966,12,0.0003000000,0.0409000000,32.920,187915.10,2521.60,19.5027
1967,1,0.0818000000,0.0139000000,32.900,203171.44,2555.05,20.9641
1967,2,0.0017000000,-0.0147000000,33.000,204136.83,2525.17,20.8798
1967,3,0.0422000000,0.0212000000,33.000,212751.22,2578.76,21.6401
1967,4,0.0418000000,-0.0208000000,33.100,222306.85,2532.81,22.3817
1967,5,-0.0499000000,0.0017000000,33.100,211221.07,2537.01,21.1885
1967,6,0.0141000000,-0.0331000000,33.300,215493.16,2467.92,21.3736
1967,7,0.0449000000,0.0060000000,33.400,225842.71,2490.12,22.2200
1967,8,0.0229000000,-0.0071000000,33.500,231695.47,2479.77,21.8409
1967,9,-0.0030000000,-0.0017000000,33.600,231695.47,2483.03,22.3461
1967,10,-0.0294000000,-0.0235000000,33.700,225546.37,2431.84,21.6705
1967,11,-0.0023000000,-0.0088000000,33.900,226371.73,2424.72,21.5151
1967,12,0.0258000000,0.0049000000,34.000,232906.62,2443.75,21.8808
1968,1,-0.0441000000,0.0543000000,34.100,223288.02,2584.01,20.8864
1968,2,-0.0314000000,0.0002000000,34.200,216911.19,2592.04,20.1202
1968,3,0.0092000000,-0.0132000000,34.300,219546.84,2565.23,20.7010
1968,4,0.0801000000,0.0034000000,34.400,237822.58,2581.41,21.6832
1968,5,0.0121000000,-0.0071000000,34.500,241407.66,2570.54,21.8168
1968,6,0.0058000000,0.0157000000,34.700,244218.41,2626.06,21.7711
1968,7,-0.0216000000,0.0179000000,34.900,240325.08,2688.53,21.1056
1968,8,0.0111000000,-0.0006000000,35.000,243698.81,2694.50,21.4061
1968,9,0.0381000000,-0.0036000000,35.100,253712.98,2692.43,21.9811
1968,10,0.0040000000,-0.0101000000,35.300,256174.10,2680.44,21.9295
1968,11,0.0475000000,-0.0109000000,35.400,269094.46,2658.83,22.7761
1968,12,-0.0447000000,-0.0288000000,35.600,258531.79,2596.88,21.6722
1969,1,-0.0085000000,0.0001000000,35.700,257059.11,2604.39,21.3526
1969,2,-0.0475000000,-0.0028000000,35.800,245526.04,2604.43,20.2097
1969,3,0.0285000000,-0.0061000000,36.100,254628.50,2610.37,20.6411
1969,4,0.0184000000,0.0071000000,36.300,260751.41,2643.36,20.9178
1969,5,-0.0024000000,-0.0236000000,36.400,260829.96,2588.05,20.6466
1969,6,-0.0582000000,-0.0123000000,36.600,246990.70,2570.24,19.4356
1969,7,-0.0626000000,0.0052000000,36.800,232790.77,2597.83,18.1197
1969,8,0.0401000000,-0.0095000000,36.900,242785.47,2580.23,18.7528
1969,9,-0.0275000000,-0.0475000000,37.100,237376.84,2470.96,18.1333
1969,10,0.0402000000,0.0427000000,37.300,248243.95,2590.45,18.7640
1969,11,-0.0365000000,-0.0245000000,37.500,240456.81,2540.55,17.8709
1969,12,-0.0211000000,-0.0406000000,37.700,236645.64,2450.53,17.5139
1970,1,-0.0785000000,0.0106000000,37.900,219228.22,2489.52,16.1905
1970,2,0.0503000000,0.0642000000,38.100,231460.92,2663.21,16.8134
1970,3,-0.0008000000,-0.0124000000,38.300,232480.93,2643.92,16.6772
1970,4,-0.0923000000,-0.0510000000,38.500,212132.53,2522.28,15.0610
1970,5,-0.0602000000,-0.0053000000,38.600,199888.42,2515.39,14.3167
1970,6,-0.0515000000,0.0208000000,38.800,190578.98,2581.14,13.2807
1970,7,0.0742000000,0.0256000000,38.900,205244.60,2653.97,14.1905
1970,8,0.0452000000,-0.0043000000,39.000,215067.99,2649.34,14.7572
1970,9,0.0321000000,0.0156000000,39.200,223104.67,2704.37,15.1572
1970,10,-0.0144000000,-0.0019000000,39.400,221017.98,2712.99,14.9159
1970,11,0.0453000000,0.0637000000,39.600,232199.23,2900.55,15.4744
1970,12,0.0544000000,-0.0004000000,39.800,246077.56,2914.11,16.2500
1971,1,0.0407000000,0.0334000000,39.900,256729.46,3019.11,16.9414
1971,2,0.0118000000,0.0014000000,39.900,259751.96,3023.32,17.0217
1971,3,0.0369000000,0.0488000000,40.000,270005.48,3178.67,17.5334
1971,4,0.0363000000,-0.0378000000,40.100,280498.15,3066.27,18.0959
1971,5,-0.0438000000,-0.0217000000,40.300,269537.83,3014.82,17.3283
1971,6,-0.0017000000,-0.0227000000,40.500,270426.25,2961.03,17.1279
1971,7,-0.0411000000,-0.0077000000,40.600,259948.98,2945.35,16.4164
1971,8,0.0362000000,0.0457000000,40.700,270032.21,3087.66,16.8702
1971,9,-0.0068000000,0.0236000000,40.800,268852.40,3168.24,16.6819
1971,10,-0.0415000000,0.0122000000,40.900,258315.90,3214.71,15.6753
1971,11,-0.0023000000,-0.0020000000,41.000,258360.10,3216.19,15.8087
1971,12,0.0863000000,0.0055000000,41.100,281329.31,3241.62,17.0979
1972,1,0.0181000000,-0.0122000000,41.200,287131.49,3209.95,17.3333
1972,2,0.0192000000,0.0039000000,41.400,294051.09,3238.11,17.5917
1972,3,0.0119000000,-0.0009000000,41.400,297555.37,3235.35,17.7754
1972,4,0.0043000000,0.0012000000,41.500,299569.74,3247.08,17.5735
1972,5,0.0155000000,0.0093000000,41.600,304953.90,3285.33,17.9391
1972,6,-0.0202000000,-0.0047000000,41.700,299505.29,3277.74,17.5059
1972,7,0.0023000000,0.0049000000,41.800,300922.14,3301.80,17.4767
1972,8,0.0344000000,-0.0191000000,41.900,312008.63,3246.56,18.0064
1972,9,-0.0073000000,-0.0081000000,42.100,311213.88,3235.50,17.7415
1972,10,0.0093000000,0.0126000000,42.200,314851.64,3284.11,17.8974
1972,11,0.0448000000,0.0102000000,42.400,330520.74,3333.18,18.6260
1972,12,0.0100000000,-0.0066000000,42.500,334600.73,3318.93,18.9049
1973,1,-0.0195000000,-0.0088000000,42.700,329623.44,3305.18,18.3002
1973,2,-0.0419000000,-0.0087000000,43.000,318016.62,3299.44,17.4596
1973,3,-0.0083000000,-0.0101000000,43.400,318312.57,3296.38,17.0339
1973,4,-0.0450000000,0.0009000000,43.700,306091.32,3321.99,16.3920
1973,5,-0.0209000000,-0.0153000000,43.900,301079.45,3286.10,15.9773
1973,6,-0.0108000000,-0.0018000000,44.200,299870.17,3302.72,15.5269
1973,7,0.0406000000,-0.0286000000,44.200,312043.16,3208.35,16.2951
1973,8,-0.0513000000,0.0010000000,45.000,301382.57,3269.58,15.3836
1973,9,0.0381000000,0.0268000000,45.200,314255.67,3372.19,15.8622
1973,10,-0.0075000000,0.0106000000,45.600,314665.93,3437.94,15.6990
1973,11,-0.1171000000,0.0005000000,45.900,279655.70,3462.11,13.7882
1973,12,0.0107000000,-0.0180000000,46.300,285109.12,3429.56,13.8617
1974,1,-0.0177000000,-0.0121000000,46.800,283082.21,3424.79,13.5416
1974,2,-0.0112000000,-0.0055000000,47.300,282897.70,3442.35,13.3178
1974,3,-0.0305000000,-0.0321000000,47.800,277154.59,3366.93,12.7426
1974,4,-0.0420000000,-0.0173000000,48.100,267192.61,3329.37,12.2374
1974,5,-0.0403000000,0.0058000000,48.600,259090.91,3383.35,11.6799
1974,6,-0.0194000000,-0.0102000000,49.000,256157.09,3376.30,11.3932
1974,7,-0.0799000000,-0.0169000000,49.300,237122.22,3339.54,10.4187
1974,8,-0.0975000000,-0.0205000000,49.900,216610.37,3310.96,9.1335
1974,9,-0.1274000000,0.0045000000,50.600,191659.40,3372.56,8.0992
1974,10,0.1586000000,0.0091000000,51.000,223813.50,3430.22,9.3278
1974,11,-0.0583000000,0.0071000000,51.500,212820.56,3488.53,8.4986
1974,12,-0.0234000000,0.0154000000,51.900,209444.24,3569.81,8.4756
1975,1,0.1187000000,-0.0105000000,52.300,236101.32,3559.47,9.4307
1975,2,0.0578000000,0.0054000000,52.600,251178.81,3599.06,9.9277
1975,3,0.0216000000,-0.0346000000,52.800,257568.81,3487.87,10.0965
1975,4,0.0470000000,-0.0173000000,53.000,270698.10,3440.53,10.5279
1975,5,0.0457000000,0.0236000000,53.100,283594.71,3528.27,11.1403
1975,6,0.0399000000,0.0046000000,53.500,297126.89,3571.27,11.3682
1975,7,-0.0731000000,-0.0188000000,54.000,277989.99,3536.90,10.5034
1975,8,-0.0212000000,0.0018000000,54.200,273100.96,3556.25,10.0836
1975,9,-0.0382000000,-0.0179000000,54.600,264610.31,3518.35,9.8275
1975,10,0.0595000000,0.0410000000,54.900,281888.53,3682.58,10.3848
1975,11,0.0207000000,-0.0162000000,55.300,289823.50,3649.40,10.5079
1975,12,-0.0135000000,0.0276000000,55.600,287462.24,3770.37,10.4062
1976,1,0.1177000000,0.0001000000,55.800,322451.17,3784.40,11.6090
1976,2,-0.0101000000,0.0068000000,55.900,319757.49,3816.81,11.5014
1976,3,0.0319000000,0.0123000000,56.000,330556.49,3870.52,11.8055
1976,4,-0.0097000000,0.0039000000,56.100,327929.89,3892.56,11.6619
1976,5,-0.0165000000,-0.0186000000,56.400,324229.43,3840.70,11.4010
1976,6,0.0385000000,0.0081000000,56.700,338514.26,3892.59,11.8483
1976,7,-0.0102000000,0.0013000000,57.000,336828.39,3918.09,11.6661
1976,8,0.0183000000,0.0150000000,57.300,344806.18,3997.99,11.5765
1976,9,-0.0052000000,0.0087000000,57.600,344806.18,4053.94,11.7791
1976,10,-0.0241000000,0.0101000000,57.900,338246.40,4116.03,11.4813
1976,11,-0.0079000000,0.0315000000,58.100,336727.02,4260.40,11.3315
1976,12,0.0504000000,0.0147000000,58.400,355517.78,4345.25,11.8650
1977,1,-0.0521000000,-0.0395000000,58.700,338709.44,4195.08,11.2072
1977,2,-0.0282000000,-0.0074000000,59.300,332532.69,4206.46,10.8523
1977,3,-0.0155000000,0.0032000000,59.600,329032.78,4241.32,10.6446
1977,4,-0.0028000000,-0.0026000000,60.000,330314.57,4258.75,10.6261
1977,5,-0.0231000000,0.0077000000,60.200,323750.06,4305.87,10.2865
1977,6,0.0439000000,0.0137000000,60.500,339659.36,4386.45,10.6946
1977,7,-0.0174000000,-0.0140000000,60.800,335416.35,4346.37,10.4909
1977,8,-0.0221000000,0.0109000000,61.100,329630.91,4415.61,10.1844
1977,9,-0.0019000000,-0.0062000000,61.300,330090.28,4402.80,10.1178
1977,10,-0.0441000000,-0.0131000000,61.600,317093.78,4366.60,9.6227
1977,11,0.0245000000,0.0047000000,62.000,326979.54,4415.46,9.8094
1977,12,0.0021000000,-0.0142000000,62.300,329252.22,4373.86,9.6490
1978,1,-0.0633000000,-0.0108000000,62.700,310383.87,4354.48,9.1117
1978,2,-0.0249000000,-0.0049000000,63.000,304088.07,4353.96,8.8360
1978,3,0.0230000000,-0.0070000000,63.400,313066.62,4350.95,8.9919
1978,4,0.0815000000,-0.0071000000,63.900,341243.35,4354.22,9.7605
1978,5,-0.0009000000,-0.0144000000,64.500,344130.39,4331.83,9.6204
1978,6,-0.0210000000,-0.0139000000,65.000,339526.84,4304.68,9.3724
1978,7,0.0502000000,0.0035000000,65.500,359318.63,4352.88,9.7959
1978,8,0.0238000000,0.0124000000,65.900,370126.47,4433.75,9.9821
1978,9,-0.0122000000,-0.0133000000,66.500,368939.32,4414.59,9.8536
1978,10,-0.0956000000,-0.0279000000,67.100,336673.43,4330.13,8.8291
1978,11,0.0151000000,0.0081000000,67.500,343801.60,4391.29,8.9157
1978,12,0.0133000000,-0.0175000000,67.900,350455.75,4340.20,9.0450
1979,1,0.0351000000,0.0120000000,68.500,365964.01,4431.10,9.2527
1979,2,-0.0420000000,-0.0167000000,69.200,354183.65,4401.61,8.8139
1979,3,0.0490000000,0.0014000000,69.900,375311.99,4452.31,9.1321
1979,4,-0.0039000000,-0.0176000000,70.600,377584.77,4417.85,9.1046
1979,5,-0.0329000000,0.0151000000,71.400,369291.84,4535.58,8.7512
1979,6,0.0316000000,0.0125000000,72.200,385225.98,4643.88,8.8933
1979,7,0.0021000000,-0.0164000000,73.000,390314.50,4618.16,8.9368
1979,8,0.0475000000,-0.0167000000,73.700,412757.85,4584.81,9.3046
1979,9,-0.0052000000,-0.0144000000,74.400,414491.43,4561.59,9.1356
1979,10,-0.0743000000,-0.0798000000,75.200,387840.37,4242.94,8.4605
1979,11,0.0362000000,0.0196000000,76.000,406164.48,4372.10,8.7107
1979,12,0.0092000000,0.0000000000,76.900,414774.58,4423.68,8.7353
1980,1,0.0471000000,-0.0536000000,78.000,440532.86,4246.59,9.0895
1980,2,-0.0128000000,-0.0908000000,79.000,440467.47,3910.58,8.9162
1980,3,-0.1099000000,0.0012000000,80.100,397502.81,3969.98,7.8812
1980,4,0.0356000000,0.1157000000,80.900,415784.03,4473.64,8.1060
1980,5,0.0409000000,0.0299000000,81.700,437083.79,4653.09,8.3460
1980,6,0.0214000000,0.0084000000,82.500,450816.48,4738.16,8.5071
1980,7,0.0682000000,-0.0323000000,82.600,482133.49,4590.58,9.0315
1980,8,0.0027000000,-0.0437000000,83.200,486951.41,4421.82,9.1007
1980,9,0.0207000000,-0.0166000000,83.900,501220.23,4384.89,9.1324
1980,10,0.0105000000,-0.0335000000,84.700,511300.03,4278.51,9.1734
1980,11,0.0948000000,-0.0149000000,85.600,565702.71,4259.64,9.7510
1980,12,-0.0392000000,0.0179000000,86.400,548607.74,4376.23,9.5388
1981,1,-0.0507000000,-0.0130000000,87.200,525628.92,4359.24,8.8162
1981,2,0.0081000000,-0.0385000000,88.000,534729.11,4229.83,9.0689
1981,3,0.0330000000,0.0207000000,88.600,556129.68,4346.89,9.2627
1981,4,-0.0250000000,-0.0460000000,89.100,545262.03,4170.23,8.9793
1981,5,-0.0044000000,0.0381000000,89.700,546545.31,4358.42,8.8771
1981,6,-0.0152000000,-0.0168000000,90.500,543051.83,4323.59,8.7039
1981,7,-0.0090000000,-0.0412000000,91.500,544100.27,4191.15,8.5749
1981,8,-0.0651000000,-0.0331000000,92.200,512570.32,4083.55,7.9682
1981,9,-0.0586000000,-0.0186000000,93.100,487245.04,4046.61,7.4544
1981,10,0.0505000000,0.0746000000,93.400,513509.50,4362.67,7.9312
1981,11,0.0367000000,0.0914000000,93.800,534627.81,4781.94,8.0226
1981,12,-0.0288000000,-0.0371000000,94.100,520886.57,4619.24,7.7463
1982,1,-0.0161000000,-0.0001000000,94.400,514127.83,4633.70,7.4121
1982,2,-0.0589000000,0.0145000000,94.700,485389.18,4715.62,7.1006
1982,3,-0.0052000000,0.0037000000,94.700,482856.45,4733.12,7.0095
1982,4,0.0418000000,0.0253000000,95.000,504625.72,4868.24,7.2612
1982,5,-0.0433000000,0.0106000000,95.900,487324.35,4966.61,6.8948
1982,6,-0.0264000000,-0.0379000000,97.000,479907.48,4833.29,6.6877
1982,7,-0.0228000000,0.0481000000,97.500,471374.78,5091.95,6.6142
1982,8,0.1190000000,0.0578000000,97.700,528555.37,5397.44,7.2388
1982,9,0.0124000000,0.0728000000,97.700,535105.33,5790.47,7.2954
1982,10,0.1106000000,0.0655000000,98.100,596706.54,6195.05,8.1766
1982,11,0.0415000000,0.0053000000,98.000,620816.82,6221.75,8.3756
1982,12,0.0224000000,0.0375000000,97.700,632790.14,6435.00,8.5359
1983,1,0.0351000000,-0.0186000000,97.900,656350.39,6328.26,8.8102
1983,2,0.0219000000,0.0397000000,98.000,671409.56,6586.42,8.9794
1983,3,0.0359000000,-0.0129000000,98.100,696242.32,6507.80,9.2799
1983,4,0.0711000000,0.0225000000,98.800,751037.77,6701.58,9.7799
1983,5,-0.0128000000,-0.0268000000,99.200,744404.58,6548.65,9.7731
1983,6,0.0368000000,-0.0018000000,99.400,773367.51,6550.35,10.1147
1983,7,-0.0334000000,-0.0400000000,99.800,750521.46,6313.50,9.7283
1983,8,0.0119000000,-0.0057000000,100.100,761711.04,6296.33,9.8594
1983,9,0.0107000000,0.0384000000,100.400,772192.99,6557.69,9.9482
1983,10,-0.0155000000,-0.0115000000,100.800,763225.87,6507.80,9.7768
1983,11,0.0180000000,0.0131000000,101.100,779282.40,6612.77,9.9364
1983,12,-0.0082000000,-0.0041000000,101.400,775165.88,6605.06,9.7852
1984,1,-0.0124000000,0.0115000000,102.100,770831.60,6727.27,9.6994
1984,2,-0.0399000000,-0.0161000000,102.600,743699.13,6651.61,9.2931
1984,3,0.0143000000,-0.0202000000,102.900,756570.40,6536.07,9.3348
1984,4,0.0054000000,-0.0096000000,103.300,763602.46,6498.67,9.4332
1984,5,-0.0574000000,-0.0496000000,103.500,721186.75,6188.12,8.8677
1984,6,0.0195000000,0.0135000000,103.700,736696.05,6283.56,9.0172
1984,7,-0.0162000000,0.0602000000,104.100,727535.17,6687.47,8.8436
1984,8,0.1072000000,0.0146000000,104.400,807866.95,6804.48,9.7673
1984,9,-0.0027000000,0.0259000000,104.700,808034.51,7000.60,9.6300
1984,10,-0.0001000000,0.0459000000,105.100,811036.01,7349.63,9.6899
1984,11,-0.0132000000,0.0200000000,105.300,801841.38,7511.14,9.5348
1984,12,0.0243000000,0.0095000000,105.500,822856.26,7596.63,9.7377
1985,1,0.0759000000,0.0299000000,105.700,886955.24,7838.88,10.4466
1985,2,0.0065000000,-0.0387000000,106.300,897762.14,7578.46,10.4829
1985,3,-0.0040000000,0.0204000000,106.800,898348.49,7769.66,10.4436
1985,4,-0.0029000000,0.0220000000,107.000,897425.53,7955.42,10.3447
1985,5,0.0557000000,0.0773000000,107.200,949148.49,8586.12,10.8867
1985,6,0.0127000000,0.0076000000,107.500,963891.69,8675.26,11.0240
1985,7,-0.0033000000,-0.0124000000,107.700,962504.52,8583.68,10.9192
1985,8,-0.0104000000,0.0245000000,107.900,954256.37,8810.57,10.7285
1985,9,-0.0330000000,0.0049000000,108.100,924429.07,8870.09,10.3775
1985,10,0.0423000000,0.0232000000,108.500,967066.34,9109.05,10.7794
1985,11,0.0636000000,0.0296000000,109.000,1033341.30,9421.79,11.3338
1985,12,0.0435000000,0.0403000000,109.500,1083270.48,9846.86,11.8952
1986,1,0.0019000000,-0.0011000000,109.900,1089263.50,9871.90,11.8859
1986,2,0.0766000000,0.0735000000,109.700,1170567.48,10577.82,12.7681
1986,3,0.0615000000,0.0629000000,109.100,1235816.97,11182.14,13.5287
1986,4,-0.0077000000,0.0105000000,108.700,1221824.96,11258.48,13.4012
1986,5,0.0502000000,-0.0400000000,109.000,1286693.06,10837.60,13.9216
1986,6,0.0131000000,0.0505000000,109.400,1308359.95,11426.49,14.2182
1986,7,-0.0568000000,0.0059000000,109.500,1235163.54,11504.13,13.3914
1986,8,0.0731000000,0.0317000000,109.600,1326681.46,11880.08,14.1032
1986,9,-0.0861000000,-0.0308000000,110.000,1216931.12,11556.73,13.0997
1986,10,0.0558000000,0.0118000000,110.200,1287158.99,11713.81,13.8136
1986,11,0.0224000000,0.0171000000,110.400,1318441.14,11935.71,14.0996
1986,12,-0.0290000000,-0.0030000000,110.800,1284796.00,11942.88,13.6864
1987,1,0.1285000000,0.0040000000,111.400,1457773.33,12054.99,15.5713
1987,2,0.0357000000,0.0017000000,111.800,1515290.29,12119.03,15.9148
1987,3,0.0252000000,-0.0187000000,112.200,1558985.34,11934.83,16.3763
1987,4,-0.0134000000,-0.0433000000,112.700,1544923.40,11468.80,16.1462
1987,5,0.0058000000,-0.0140000000,113.000,1558053.56,11338.60,16.2178
1987,6,0.0457000000,0.0098000000,113.500,1636516.58,11500.77,16.9730
1987,7,0.0478000000,-0.0138000000,113.800,1719323.76,11372.57,17.7870
1987,8,0.0327000000,-0.0189000000,114.300,1783329.33,11206.37,18.3692
1987,9,-0.0254000000,-0.0355000000,114.700,1744134.13,10845.81,17.8999
1987,10,-0.2174000000,0.0547000000,115.000,1368537.43,11469.17,14.2150
1987,11,-0.0856000000,-0.0032000000,115.400,1255729.38,11472.60,12.7780
1987,12,0.0742000000,0.0162000000,115.600,1351231.68,11678.15,13.7056
1988,1,0.0385000000,0.0417000000,116.000,1408052.57,12207.09,14.1160
1988,2,0.0448000000,0.0117000000,116.200,1473732.94,12371.66,14.8136
1988,3,-0.0334000000,-0.0222000000,116.500,1428177.72,12127.71,14.2953
1988,4,0.0050000000,-0.0181000000,117.200,1443982.64,11979.87,14.3662
1988,5,0.0061000000,-0.0162000000,117.500,1456451.50,11815.57,14.3664
1988,6,0.0415000000,0.0282000000,118.000,1523280.27,12200.18,14.9217
1988,7,-0.0080000000,-0.0161000000,118.500,1517537.93,12055.22,14.7801
1988,8,-0.0380000000,-0.0049000000,119.000,1466021.91,12046.27,14.1304
1988,9,0.0382000000,0.0282000000,119.500,1528475.54,12438.57,14.6192
1988,10,0.0244000000,0.0184000000,119.900,1571022.81,12709.73,14.9357
1988,11,-0.0175000000,-0.0223000000,120.300,1548655.43,12467.68,14.5922
1988,12,0.0141000000,-0.0009000000,120.700,1575671.33,12497.59,14.6171
1989,1,0.0688000000,0.0119000000,121.200,1691008.35,12698.16,15.7158
1989,2,-0.0281000000,-0.0155000000,121.600,1648898.67,12542.26,15.1989
1989,3,0.0183000000,0.0041000000,122.200,1687344.35,12655.80,15.4270
1989,4,0.0442000000,0.0185000000,123.100,1774954.50,12984.45,16.0424
1989,5,0.0354000000,0.0302000000,123.700,1846759.90,13441.17,16.5429
1989,6,-0.0089000000,0.0371000000,124.100,1836314.47,13985.57,16.3497
1989,7,0.0868000000,0.0221000000,124.500,2002128.60,14341.28,17.7283
1989,8,0.0195000000,-0.0221000000,124.500,2041230.50,14024.29,17.9996
1989,9,-0.0064000000,0.0012000000,124.800,2032972.56,14074.85,17.9278
1989,10,-0.0279000000,0.0280000000,125.400,1985776.77,14538.77,17.3139
1989,11,0.0163000000,0.0079000000,125.900,2026246.04,14711.95,17.5386
1989,12,0.0208000000,-0.0026000000,126.300,2074918.35,14720.66,18.1856
1990,1,-0.0759000000,-0.0349000000,127.500,1935627.94,14341.48,16.4921
1990,2,0.0089000000,-0.0022000000,128.000,1960565.67,14365.64,16.5822
1990,3,0.0217000000,-0.0069000000,128.600,2012519.29,14333.83,16.8608
1990,4,-0.0272000000,-0.0206000000,128.900,1962315.73,14070.61,16.4489
1990,5,0.0958000000,0.0356000000,129.100,2153614.33,14594.17,17.9538
1990,6,-0.0129000000,0.0123000000,129.900,2139067.46,14865.63,17.7774
1990,7,-0.0078000000,0.0071000000,130.500,2132231.46,15039.98,17.5452
1990,8,-0.0980000000,-0.0340000000,131.600,1939510.75,14651.17,15.7707
1990,9,-0.0551000000,0.0032000000,132.500,1845119.33,14798.33,15.3044
1990,10,-0.0110000000,0.0119000000,133.400,1837244.24,15075.54,14.6813
1990,11,0.0623000000,0.0313000000,133.700,1956026.64,15583.08,15.5360
1990,12,0.0240000000,0.0153000000,134.200,2010495.86,15880.39,15.8725
1991,1,0.0397000000,0.0064000000,134.700,2098051.44,16041.00,16.4812
1991,2,0.0707000000,0.0066000000,134.800,2248115.23,16159.18,17.5880
1991,3,0.0242000000,0.0047000000,134.800,2302529.88,16234.47,17.8005
1991,4,0.0001000000,0.0065000000,135.100,2307998.68,16376.30,17.9636
1991,5,0.0393000000,0.0003000000,135.600,2407585.53,16441.58,18.6018
1991,6,-0.0486000000,-0.0083000000,136.000,2297279.87,16353.85,17.9988
1991,7,0.0451000000,0.0081000000,136.200,2404358.95,16510.21,18.4657
1991,8,0.0207000000,0.0298000000,136.600,2461289.21,17052.40,18.6443
1991,9,-0.0196000000,0.0276000000,137.000,2420109.13,17574.58,18.4167
1991,10,0.0120000000,0.0048000000,137.200,2452648.57,17683.98,18.6418
1991,11,-0.0445000000,0.0080000000,137.800,2353827.27,17903.18,18.0757
1991,12,0.1111000000,0.0503000000,138.200,2623001.73,18858.73,19.7563
1992,1,-0.0193000000,-0.0356000000,138.300,2574165.37,18200.49,19.3991
1992,2,0.0107000000,0.0067000000,138.600,2607470.35,18362.58,19.5907
1992,3,-0.0230000000,-0.0162000000,139.100,2556774.45,18129.55,19.1383
1992,4,0.0272000000,-0.0008000000,139.400,2631861.17,18155.00,19.6730
1992,5,0.0027000000,0.0239000000,139.700,2644712.89,18629.59,19.7805
1992,6,-0.0177000000,0.0167000000,140.100,2605392.18,18994.01,19.3231
1992,7,0.0379000000,0.0332000000,140.500,2711815.03,19679.84,20.0537
1992,8,-0.0226000000,0.0106000000,140.800,2656306.72,19930.43,19.5520
1992,9,0.0096000000,0.0213000000,141.100,2687533.54,20398.91,19.7045
1992,10,-0.0008000000,-0.0290000000,141.700,2696830.57,19892.24,19.8656
1992,11,0.0311000000,-0.0077000000,142.100,2788651.81,19794.80,20.2186
1992,12,0.0109000000,0.0222000000,142.300,2822886.40,20263.33,20.3946
1993,1,0.0048000000,0.0243000000,142.800,2846456.92,20829.03,20.6353
1993,2,0.0115000000,0.0300000000,143.100,2885285.62,21499.67,20.5603
1993,3,0.0197000000,0.0036000000,143.300,2946153.08,21607.71,20.9693
1993,4,-0.0276000000,0.0001000000,143.800,2874949.50,21684.39,20.3519
1993,5,0.0239000000,-0.0058000000,144.200,2951840.85,21618.42,20.9122
1993,6,0.0022000000,0.0314000000,144.300,2960481.65,22312.71,20.7355
1993,7,-0.0054000000,0.0012000000,144.500,2948559.37,22370.96,20.6810
1993,8,0.0358000000,0.0314000000,144.800,3060451.19,23121.11,21.2439
1993,9,-0.0090000000,0.0069000000,145.000,3036990.14,23312.59,20.9935
1993,10,0.0165000000,-0.0019000000,145.600,3099826.63,23365.33,21.3605
1993,11,-0.0123000000,-0.0275000000,146.000,3070240.22,22786.00,20.9593
1993,12,0.0100000000,0.0028000000,146.300,3107373.60,22896.71,21.1155
1994,1,0.0340000000,0.0146000000,146.300,3213030.91,23229.97,21.7883
1994,2,-0.0298000000,-0.0307000000,146.700,3125803.44,22579.34,21.0643
1994,3,-0.0462000000,-0.0419000000,147.100,2989520.98,21691.61,20.0370
1994,4,0.0121000000,-0.0159000000,147.200,3027857.00,21361.22,20.3422
1994,5,0.0144000000,-0.0041000000,147.500,3077568.56,21317.27,20.4465
1994,6,-0.0271000000,-0.0089000000,147.900,3002153.90,21184.25,19.8321
1994,7,0.0293000000,0.0187000000,148.400,3100701.49,21653.64,20.4940
1994,8,0.0368000000,-0.0032000000,149.000,3227851.15,21672.61,21.0320
1994,9,-0.0264000000,-0.0265000000,149.300,3148936.37,21140.91,20.4010
1994,10,0.0218000000,-0.0078000000,149.400,3219647.94,20989.13,20.7846
1994,11,-0.0390000000,-0.0033000000,149.800,3102396.81,20976.19,19.8749
1994,12,0.0128000000,0.0096000000,150.100,3148444.36,21219.69,20.0292
1995,1,0.0232000000,0.0212000000,150.500,3230093.54,21726.59,20.4166
1995,2,0.0362000000,0.0314000000,150.900,3355930.74,22467.68,21.0387
1995,3,0.0275000000,0.0055000000,151.200,3454970.67,22635.40,21.5049
1995,4,0.0254000000,0.0115000000,151.800,3556690.26,22985.43,21.9262
1995,5,0.0379000000,0.0617000000,152.100,3698879.13,24450.82,22.6147
1995,6,0.0212000000,0.0099000000,152.400,3784794.13,24741.68,22.9589
1995,7,0.0318000000,-0.0136000000,152.600,3910303.22,24437.12,23.5556
1995,8,0.0006000000,0.0159000000,152.900,3920146.99,24875.55,23.3978
1995,9,0.0408000000,0.0120000000,153.100,4085578.27,25208.05,24.0822
1995,10,-0.0062000000,0.0129000000,153.500,4070976.66,25599.46,23.8982
1995,11,0.0425000000,0.0239000000,153.700,4249642.34,26245.18,24.7323
1995,12,0.0179000000,0.0170000000,153.900,4331510.15,26724.77,25.2112
1996,1,0.0287000000,-0.0020000000,154.700,4478949.18,26809.28,25.5824
1996,2,0.0073000000,-0.0357000000,155.000,4520457.54,25902.05,25.5944
1996,3,0.0064000000,-0.0134000000,155.500,4563989.00,25637.00,25.9258
1996,4,0.0108000000,-0.0217000000,156.100,4631255.20,25178.30,25.7300
1996,5,0.0238000000,-0.0101000000,156.400,4750693.99,24971.49,26.1528
1996,6,0.0019000000,0.0126000000,156.700,4768850.45,25333.46,26.2501
1996,7,-0.0460000000,-0.0014000000,157.000,4558137.34,25346.53,24.6966
1996,8,0.0198000000,-0.0072000000,157.200,4654278.98,25196.70,25.1204
1996,9,0.0529000000,0.0202000000,157.700,4916289.15,25787.20,26.1667
1996,10,0.0243000000,0.0283000000,158.200,5051860.98,26601.06,26.6412
1996,11,0.0722000000,0.0252000000,158.700,5433692.81,27356.63,28.3479
1996,12,-0.0223000000,-0.0243000000,159.100,5326066.81,26759.82,27.5407
1997,1,0.0605000000,-0.0038000000,159.400,5658788.57,26707.77,29.0131
1997,2,0.0059000000,0.0014000000,159.700,5703140.47,26794.50,28.9680
1997,3,-0.0417000000,-0.0211000000,159.800,5468802.42,26246.34,27.5608
1997,4,0.0590000000,0.0198000000,159.900,5795289.66,26782.99,28.9876
1997,5,0.0609000000,0.0093000000,159.900,6148136.90,27030.95,30.4396
1997,6,0.0428000000,0.0154000000,160.200,6423600.45,27499.50,31.5880
1997,7,0.0782000000,0.0408000000,160.400,6934715.18,28658.41,33.8102
1997,8,-0.0584000000,-0.0207000000,160.800,6546211.24,28134.31,32.5937
1997,9,0.0521000000,0.0191000000,161.200,6904691.51,28742.42,33.0199
1997,10,-0.0352000000,0.0241000000,161.500,6674126.61,29490.40,31.6535
1997,11,0.0450000000,0.0021000000,161.700,6983059.21,29590.24,33.5263
1997,12,0.0165000000,0.0125000000,161.800,7102989.67,29977.17,33.2015
1998,1,0.0098000000,0.0200000000,162.000,7181576.33,30615.47,34.0665
1998,2,0.0721000000,-0.0021000000,162.000,7699527.07,30552.04,35.4981
1998,3,0.0512000000,0.0010000000,162.000,8093827.59,30581.71,37.1805
1998,4,0.0088000000,0.0027000000,162.200,8175258.14,30703.49,37.3280
1998,5,-0.0196000000,0.0112000000,162.600,8034709.51,31124.23,36.4162
1998,6,0.0393000000,0.0124000000,162.800,8361087.93,31548.20,37.6892
1998,7,-0.0131000000,-0.0024000000,163.200,8272055.67,31550.31,37.0670
1998,8,-0.1456000000,0.0376000000,163.400,7076083.59,32775.92,31.5514
1998,9,0.0634000000,0.0507000000,163.500,7529392.70,34459.55,33.4306
1998,10,0.0787000000,-0.0138000000,163.900,8141843.83,34068.67,36.3796
1998,11,0.0593000000,-0.0049000000,164.100,8635348.51,33943.82,37.9695
1998,12,0.0557000000,0.0089000000,164.400,9132954.79,34309.63,39.9728
1999,1,0.0399000000,0.0013000000,164.700,9514841.02,34416.63,41.2608
1999,2,-0.0311000000,-0.0424000000,164.700,9219143.17,32957.25,40.0115
1999,3,0.0394000000,0.0068000000,164.800,9587958.88,33201.37,41.5565
1999,4,0.0318000000,-0.0104000000,165.900,9959290.70,33074.51,42.7930
1999,5,-0.0242000000,-0.0168000000,166.000,9724077.46,32538.88,41.3956
1999,6,0.0555000000,-0.0078000000,166.000,10263739.17,32283.53,43.8299
1999,7,-0.0353000000,-0.0075000000,166.700,9943267.48,32177.77,42.1441
1999,8,-0.0073000000,-0.0019000000,167.100,9894102.34,32193.98,41.7031
1999,9,-0.0315000000,0.0067000000,167.800,9622849.87,32545.58,40.2322
1999,10,0.0614000000,-0.0057000000,168.100,10231800.89,32417.96,42.2624
1999,11,0.0185000000,-0.0085000000,168.400,10439779.60,32200.08,43.1143
1999,12,0.0564000000,-0.0168000000,168.800,11054637.35,31733.08,45.3148
2000,1,-0.0530000000,-0.0142000000,169.300,10499225.46,31373.91,42.6880
2000,2,-0.0230000000,0.0206000000,170.000,10300489.36,32151.55,41.4537
2000,3,0.0914000000,0.0284000000,171.000,11308170.95,33260.35,44.9618
2000,4,-0.0295000000,-0.0090000000,170.900,10967956.97,32940.46,43.3627
2000,5,-0.0222000000,-0.0010000000,171.200,10742915.61,32966.35,42.1000
2000,6,0.0187000000,0.0186000000,172.200,11007769.34,33777.15,42.6129
2000,7,-0.0185000000,0.0014000000,172.700,10835666.29,33921.94,41.5544
2000,8,0.0621000000,0.0283000000,172.700,11508711.51,34880.69,43.8204
2000,9,-0.0577000000,-0.0056000000,173.600,10901127.69,34866.48,41.0171
2000,10,-0.0059000000,0.0053000000,173.900,10855080.81,35112.71,40.5007
2000,11,-0.0804000000,0.0249000000,174.200,9999267.97,36047.50,36.9815
2000,12,0.0026000000,0.0295000000,174.600,10048213.48,37196.41,36.8455
2001,1,0.0296000000,-0.0067000000,175.600,10404670.32,37160.32,37.7096
2001,2,-0.0932000000,0.0231000000,176.000,9455996.65,38105.53,33.9887
2001,3,-0.0639000000,0.0028000000,176.100,8856944.49,38232.23,31.6478
2001,4,0.0759000000,-0.0295000000,176.400,9545193.14,37168.66,33.8816
2001,5,0.0016000000,-0.0067000000,177.300,9609177.86,37106.24,33.7600
2001,6,-0.0265000000,0.0030000000,177.700,9375277.08,37302.70,32.7408
2001,7,-0.0082000000,0.0336000000,177.400,9283018.41,38492.07,32.3615
2001,8,-0.0626000000,0.0214000000,177.400,8701849.33,39316.54,30.2238
2001,9,-0.0844000000,0.0197000000,178.100,7999162.30,40247.42,27.5999
2001,10,0.0219000000,0.0304000000,177.600,8151687.28,41356.03,28.1466
2001,11,0.0773000000,-0.0326000000,177.500,8776990.63,39984.68,30.2472
2001,12,0.0093000000,-0.0177000000,177.400,8853881.64,39255.06,30.4629
2002,1,-0.0163000000,0.0025000000,177.700,8724653.81,39420.91,29.9102
2002,2,-0.0209000000,0.0173000000,178.000,8556433.40,40172.01,29.2134
2002,3,0.0347000000,-0.0395000000,178.500,8878218.21,38694.24,30.1753
2002,4,-0.0648000000,0.0241000000,179.300,8339923.70,39805.19,28.1714
2002,5,-0.0085000000,0.0055000000,179.500,8278509.15,40067.14,27.8590
2002,6,-0.0717000000,0.0209000000,179.600,7688807.76,40925.56,25.8007
2002,7,-0.0800000000,0.0294000000,180.000,7089427.15,42221.47,23.6844
2002,8,0.0038000000,0.0303000000,180.500,7136021.45,43620.75,23.7055
2002,9,-0.1102000000,0.0427000000,180.800,6360436.18,45560.10,21.0340
2002,10,0.0856000000,-0.0225000000,181.200,6920277.46,44631.99,22.7681
2002,11,0.0571000000,-0.0209000000,181.500,7327593.76,43772.85,23.9983
2002,12,-0.0603000000,0.0330000000,181.800,6897144.53,45289.97,22.4917
2003,1,-0.0305000000,-0.0144000000,182.600,6716455.09,44832.21,21.7645
2003,2,-0.0204000000,0.0216000000,183.600,6615664.77,46052.13,21.2609
2003,3,0.0081000000,-0.0083000000,183.900,6679923.19,45746.55,21.3843
2003,4,0.0865000000,0.0021000000,183.200,7230139.33,45669.81,23.1821
2003,5,0.0544000000,0.0483000000,182.900,7611041.55,47798.14,24.3677
2003,6,0.0117000000,-0.0121000000,183.100,7708167.53,47272.20,24.5732
2003,7,0.0143000000,-0.0743000000,183.700,7844067.14,43904.01,24.8380
2003,8,0.0151000000,0.0026000000,184.500,7997030.05,44210.16,25.1152
2003,9,-0.0138000000,0.0408000000,185.100,7912099.39,46163.47,24.6749
2003,10,0.0577000000,-0.0252000000,184.900,8359720.73,44952.45,25.9920
2003,11,0.0083000000,0.0023000000,185.000,8433275.86,45078.34,26.0803
2003,12,0.0496000000,0.0066000000,185.500,8875537.88,45497.22,27.2284
2004,1,0.0140000000,0.0082000000,186.300,9038453.72,46066.06,27.4622
2004,2,0.0117000000,0.0152000000,186.700,9164071.95,46865.39,27.6173
2004,3,-0.0172000000,0.0118000000,187.100,9025821.14,47519.07,26.9861
2004,4,-0.0173000000,-0.0511000000,187.400,8884124.28,45163.06,26.3688
2004,5,0.0094000000,-0.0109000000,188.200,9006024.10,44863.33,26.4511
2004,6,0.0157000000,0.0034000000,188.900,9181189.33,45182.17,26.7028
2004,7,-0.0341000000,0.0125000000,189.100,8877288.28,45795.00,25.6400
2004,8,0.0035000000,0.0336000000,189.200,8913218.01,47357.26,25.5677
2004,9,0.0076000000,-0.0005000000,189.800,9009742.51,47481.88,25.6098
2004,10,0.0100000000,0.0055000000,190.800,9147392.51,47993.49,25.7192
2004,11,0.0356000000,-0.0260000000,191.700,9517520.68,46966.01,26.4773
2004,12,0.0340000000,0.0134000000,191.700,9841383.67,47594.56,27.2316
2005,1,-0.0239000000,0.0122000000,191.600,9601467.33,48149.72,26.4603
2005,2,0.0168000000,-0.0183000000,192.400,9803539.32,47466.40,26.7517
2005,3,-0.0213000000,-0.0112000000,193.100,9629959.58,47105.60,26.0532
2005,4,-0.0220000000,0.0243000000,193.700,9447301.45,48399.00,25.3628
2005,5,0.0324000000,0.0212000000,193.600,9747921.35,49399.94,26.0455
2005,6,0.0009000000,0.0077000000,193.700,9761757.58,49805.97,25.9371
2005,7,0.0308000000,-0.0299000000,194.900,10124776.72,48615.52,26.6099
2005,8,-0.0152000000,0.0186000000,196.100,10032408.56,49824.01,26.0560
2005,9,-0.0056000000,-0.0355000000,198.800,10113620.15,48716.34,25.7858
2005,10,-0.0182000000,-0.0163000000,199.100,9945017.21,47996.98,25.1981
2005,11,0.0431000000,0.0154000000,198.100,10321161.60,48490.21,26.1138
2005,12,0.0003000000,0.0118000000,198.100,10324770.53,49064.52,25.9780
2006,1,0.0203000000,-0.0135000000,199.300,10598156.57,48693.03,26.3593
2006,2,0.0022000000,0.0017000000,199.400,10626921.86,48798.44,26.2362
2006,3,0.0109000000,-0.0223000000,199.700,10759212.54,47782.54,26.3615
2006,4,0.0084000000,-0.0175000000,200.700,10903643.80,47179.22,26.4192
2006,5,-0.0317000000,-0.0027000000,201.300,10589843.89,47190.37,25.4018
2006,6,-0.0011000000,-0.0006000000,201.800,10604172.12,47278.76,25.2178
2006,7,0.0007000000,0.0117000000,202.900,10669633.53,48090.46,25.0860
2006,8,0.0193000000,0.0199000000,203.800,10923495.58,49264.46,25.3808
2006,9,0.0308000000,0.0170000000,202.800,11204974.01,49856.77,26.0018
2006,10,0.0372000000,0.0108000000,201.900,11570071.31,50170.06,26.8003
2006,11,0.0185000000,0.0155000000,202.000,11790135.87,50972.93,27.0857
2006,12,0.0085000000,-0.0215000000,203.100,11955512.40,50146.56,27.1372
2007,1,0.0134000000,-0.0073000000,203.437,12136311.33,49862.44,27.3334
2007,2,-0.0233000000,0.0220000000,204.226,11898911.10,51157.43,26.4987
2007,3,0.0060000000,-0.0086000000,205.288,12032022.23,50982.53,26.4925
2007,4,0.0412000000,0.0025000000,205.904,12565011.50,51262.20,27.4227
2007,5,0.0306000000,-0.0216000000,206.755,13003444.96,50360.38,28.0612
2007,6,-0.0189000000,-0.0086000000,207.234,12787427.27,50044.45,27.3636
2007,7,-0.0327000000,0.0226000000,207.603,12390939.09,51267.22,26.3118
2007,8,0.0147000000,0.0232000000,207.667,12576659.41,52470.84,26.5211
2007,9,0.0330000000,-0.0045000000,208.547,13047031.16,52458.46,27.2390
2007,10,0.0128000000,0.0096000000,209.190,13254571.94,53126.19,27.4516
2007,11,-0.0493000000,0.0377000000,210.834,12700419.10,55563.71,25.9528
2007,12,-0.0098000000,-0.0052000000,211.445,12612316.11,55432.65,25.5867
2008,1,-0.0632000000,0.0304000000,212.174,11855816.24,57313.56,23.8897
2008,2,-0.0348000000,0.0121000000,212.687,11470703.60,58147.79,22.9628
2008,3,-0.0079000000,0.0059000000,213.448,11421155.93,58700.50,22.7109
2008,4,0.0463000000,-0.0252000000,213.942,11977387.61,57355.73,23.7076
2008,5,0.0070000000,-0.0259000000,215.208,12132538.18,56199.68,23.8011
2008,6,-0.0938000000,-0.0014000000,217.463,11109707.90,56710.05,21.5218
2008,7,-0.0154000000,-0.0038000000,219.016,11016300.99,56898.61,21.1605
2008,8,0.0160000000,0.0179000000,218.690,11175661.98,57832.80,21.4574
2008,9,-0.0899000000,0.0007000000,218.877,10179847.26,57923.33,19.5024
2008,10,-0.1607000000,-0.0011000000,216.995,8470136.20,57360.83,16.3502
2008,11,-0.0550000000,0.1155000000,213.153,7862388.16,62852.10,15.4309
2008,12,0.0190000000,0.0692000000,211.398,7946060.44,66646.03,15.7347
2009,1,-0.0866000000,-0.0506000000,211.933,7276296.37,63435.95,14.4209
2009,2,-0.1097000000,-0.0135000000,212.705,6501530.89,62808.57,12.8575
2009,3,0.0887000000,0.0294000000,212.495,7071052.05,64593.41,14.0508
2009,4,0.0946000000,-0.0351000000,212.709,7747816.35,62388.35,15.4517
2009,5,0.0544000000,-0.0239000000,213.022,8181164.20,60987.37,16.3523
2009,6,-0.0063000000,-0.0102000000,214.790,8197406.38,60865.27,16.3280
2009,7,0.0760000000,0.0041000000,214.726,8817405.16,61094.08,17.6629
2009,8,0.0326000000,0.0094000000,215.445,9135743.93,61876.04,18.3174
2009,9,0.0353000000,0.0083000000,215.861,9476668.89,62509.30,19.0622
2009,10,-0.0215000000,-0.0084000000,216.509,9300628.46,62171.73,18.7536
2009,11,0.0564000000,0.0160000000,217.234,9858501.05,63376.22,19.8623
2009,12,0.0188000000,-0.0488000000,217.347,10048924.45,60316.54,20.2726
2010,1,-0.0366000000,0.0206000000,217.488,9687436.75,61601.24,19.5431
2010,2,0.0320000000,0.0056000000,217.281,9987509.91,61888.23,20.1463
2010,3,0.0600000000,-0.0159000000,217.353,10590226.41,60925.07,21.3443
2010,4,0.0156000000,0.0153000000,217.403,10757408.07,61869.12,21.6670
2010,5,-0.0794000000,0.0352000000,217.290,9898422.90,64012.06,19.9080
2010,6,-0.0520000000,0.0315000000,217.199,9380253.87,66002.39,18.8444
2010,7,0.0681000000,0.0031000000,217.605,10037440.10,66329.06,20.0980
2010,8,-0.0465000000,0.0405000000,217.923,9584349.95,69119.47,19.1091
2010,9,0.0875000000,-0.0045000000,218.275,10439670.12,68918.87,20.7384
2010,10,0.0345000000,-0.0096000000,219.035,10836924.01,68495.93,21.4140
2010,11,-0.0024000000,-0.0151000000,219.590,10838291.21,67634.75,21.2865
2010,12,0.0626000000,-0.0473000000,220.472,11562634.49,64697.06,22.5488
2011,1,0.0204000000,-0.0085000000,221.187,11836675.43,64351.96,22.9362
2011,2,0.0309000000,0.0048000000,221.898,12242187.93,64866.69,23.5317
2011,3,-0.0048000000,-0.0057000000,223.046,12247054.58,64831.98,23.3145
2011,4,0.0248000000,0.0101000000,224.093,12609745.93,65793.43,23.7840
2011,5,-0.0145000000,0.0306000000,224.806,12467009.65,68022.06,23.2934
2011,6,-0.0167000000,-0.0194000000,224.806,12259195.16,66700.88,22.7606
2011,7,-0.0229000000,0.0346000000,225.395,12009928.05,69192.60,22.0952
2011,8,-0.0573000000,0.0582000000,226.106,11357499.66,73447.74,20.6520
2011,9,-0.0723000000,0.0196000000,226.597,10559109.25,75050.21,19.0043
2011,10,0.1085000000,-0.0068000000,226.750,11713136.04,74589.83,20.8883
2011,11,-0.0040000000,-0.0087000000,227.169,11687268.71,74074.75,20.5945
2011,12,0.0100000000,0.0207000000,227.223,11806815.98,75623.90,20.6126
2012,1,0.0420000000,0.0040000000,227.842,12335922.62,76135.97,21.2917
2012,2,0.0410000000,-0.0139000000,228.329,12869349.82,75235.40,21.9430
2012,3,0.0308000000,-0.0225000000,228.807,13292853.56,73695.84,22.4142
2012,4,-0.0079000000,0.0228000000,229.187,13209454.32,75499.58,22.0430
2012,5,-0.0582000000,0.0394000000,228.713,12415548.70,78313.42,20.5539
2012,6,0.0421000000,-0.0050000000,228.524,12927100.69,77856.21,21.2321
2012,7,0.0136000000,0.0156000000,228.590,13106641.91,79092.64,21.3440
2012,8,0.0166000000,-0.0099000000,229.918,13401847.75,78766.42,21.4957
2012,9,0.0210000000,-0.0106000000,231.015,13748186.10,78305.17,21.7732
2012,10,-0.0211000000,-0.0076000000,231.638,13494324.72,77922.08,21.1567
2012,11,0.0075000000,0.0122000000,231.249,13572583.60,78736.90,21.1230
2012,12,0.0092000000,-0.0128000000,231.221,13696287.22,77720.01,21.1426
2013,1,0.0497000000,-0.0217000000,231.679,14405700.11,76181.41,22.0250
2013,2,0.0081000000,0.0079000000,232.937,14601264.54,77202.08,22.0115
2013,3,0.0404000000,0.0062000000,232.282,15148856.42,77462.21,22.7303
2013,4,0.0214000000,0.0191000000,231.797,15440725.71,78773.71,23.0524
2013,5,0.0230000000,-0.0394000000,231.893,15801885.64,75704.86,23.3845
2013,6,-0.0158000000,-0.0321000000,232.445,15589695.84,73447.74,22.8484
2013,7,0.0488000000,-0.0069000000,232.900,16383000.64,73080.58,23.7989
2013,8,-0.0313000000,-0.0161000000,233.456,15908527.28,72078.34,22.8737
2013,9,0.0310000000,0.0164000000,233.544,16407391.66,73289.97,23.4193
2013,10,0.0454000000,0.0072000000,233.669,17161594.20,73859.20,24.3216
2013,11,0.0286000000,-0.0251000000,234.100,17684575.77,72136.89,24.8338
2013,12,0.0226000000,-0.0141000000,234.719,18132306.63,71309.07,25.2337
2014,1,-0.0369000000,0.0329000000,235.288,17505363.12,73833.17,24.1710
2014,2,0.0446000000,0.0028000000,235.547,18306159.86,74121.04,25.0793
2014,3,0.0063000000,-0.0056000000,236.028,18459997.27,73857.57,25.0990
2014,4,0.0055000000,0.0063000000,236.468,18596443.89,74460.95,25.1087
2014,5,0.0215000000,0.0179000000,236.918,19033018.39,75934.42,25.4911
2014,6,0.0193000000,-0.0037000000,237.231,19426170.59,75757.15,25.8473
2014,7,-0.0149000000,-0.0025000000,237.498,19158253.96,75656.32,25.3381
2014,8,0.0402000000,0.0221000000,237.460,19924706.62,77315.20,26.2023
2014,9,-0.0141000000,-0.0122000000,237.477,19645305.51,76380.04,25.7010
2014,10,0.0246000000,0.0172000000,237.430,20125138.23,77677.87,26.2066
2014,11,0.0288000000,0.0179000000,236.983,20666385.61,78922.03,26.8058
2014,12,0.0006000000,0.0069000000,236.252,20614322.61,79221.28,26.6854
2015,1,-0.0237000000,0.0595000000,234.718,19995472.93,83388.00,25.9416
2015,2,0.0551000000,-0.0305000000,235.236,21144687.07,81024.91,27.2203
2015,3,-0.0190000000,0.0044000000,236.005,20810269.80,81644.55,26.5815
2015,4,0.0089000000,-0.0086000000,236.156,21009935.77,80994.01,26.7178
2015,5,0.0094000000,-0.0096000000,236.974,21280094.61,80494.72,26.8390
2015,6,-0.0223000000,-0.0215000000,237.684,20868129.73,79000.10,26.1409
2015,7,0.0194000000,0.0152000000,238.053,21305360.48,80325.58,26.5675
2015,8,-0.0602000000,-0.0014000000,238.028,20019918.47,80201.97,24.8688
2015,9,-0.0226000000,0.0184000000,237.506,19524554.35,81496.55,24.2324
2015,10,0.0831000000,-0.0074000000,237.781,21171538.89,80984.25,26.1823
2015,11,0.0020000000,-0.0061000000,238.016,21234484.80,80567.90,26.1465
2015,12,-0.0149000000,-0.0047000000,237.817,20899575.34,80120.65,25.6956
2016,1,-0.0497000000,0.0349000000,237.833,19862471.65,82926.11,24.3836
2016,2,0.0002000000,0.0186000000,237.469,19835674.52,84342.67,24.3152
2016,3,0.0653000000,-0.0048000000,238.038,21181273.35,84141.00,25.8551
2016,4,0.0006000000,-0.0059000000,238.827,21263414.77,83923.07,25.8397
2016,5,0.0152000000,-0.0036000000,239.464,21645246.55,83841.75,26.1676
2016,6,-0.0003000000,0.0314000000,240.167,21701356.47,86731.78,26.1178
2016,7,0.0369000000,0.0043000000,240.150,22501442.26,87102.59,27.0546
2016,8,-0.0005000000,-0.0116000000,240.602,22533051.94,86258.51,26.9768
2016,9,-0.0017000000,-0.0041000000,241.051,22537262.92,86064.98,26.9011
2016,10,-0.0208000000,-0.0212000000,241.691,22126173.04,84467.90,26.3204
2016,11,0.0356000000,-0.0500000000,242.029,22945618.39,80358.10,27.1940
2016,12,0.0166000000,-0.0066000000,242.772,23399146.18,80071.86,27.6149
2017,1,0.0148000000,-0.0022000000,243.780,23842939.49,80227.99,28.0008
2017,2,0.0389000000,0.0076000000,243.961,24789698.57,80901.30,29.0264
2017,3,0.0020000000,-0.0002000000,243.749,24818573.85,80816.73,29.0412
2017,4,0.0090000000,0.0106000000,244.051,25073474.73,81773.03,29.2643
2017,5,0.0144000000,0.0081000000,243.962,25426321.86,82402.43,29.6070
2017,6,0.0053000000,-0.0072000000,244.182,25585026.51,81886.87,29.7127
2017,7,0.0197000000,0.0021000000,244.390,26111125.30,82125.95,30.2496
2017,8,-0.0006000000,0.0124000000,245.297,26191079.19,83453.05,30.1310
2017,9,0.0160000000,-0.0212000000,246.418,26731342.18,82059.27,30.5397
2017,10,0.0226000000,-0.0025000000,246.587,27355113.79,81906.39,31.1512
2017,11,0.0276000000,-0.0057000000,247.332,28194082.77,81683.58,31.8645
2017,12,0.0088000000,0.0001000000,247.901,28507554.52,81882.00,32.0190
2018,1,0.0531000000,-0.0280000000,248.884,30139718.61,79905.98,33.5760
2018,2,-0.0387000000,-0.0144000000,249.369,29028895.46,78912.27,32.0899
2018,3,-0.0259000000,0.0118000000,249.498,28291154.01,79883.21,31.0869
2018,4,0.0020000000,-0.0160000000,249.956,28399709.74,78746.39,30.9780
2018,5,0.0213000000,0.0072000000,250.646,29083638.17,79530.29,31.4050
2018,6,0.0042000000,0.0001000000,251.134,29262632.07,79691.30,31.3236
2018,7,0.0353000000,-0.0081000000,251.597,30351634.70,79190.38,32.1969
2018,8,0.0314000000,0.0085000000,251.879,31340612.93,79951.51,32.9203
2018,9,0.0052000000,-0.0141000000,252.010,31519005.26,78866.74,32.8188
2018,10,-0.0712000000,-0.0085000000,252.794,29364679.93,78437.38,30.2265
2018,11,0.0205000000,0.0144000000,252.760,29963076.29,79559.56,30.5165
2018,12,-0.0902000000,0.0301000000,252.723,27257714.42,81945.42,27.4623
2019,1,0.0803000000,0.0071000000,252.673,29442008.79,82511.39,29.3222
2019,2,0.0303000000,-0.0075000000,253.113,30387345.98,82038.13,29.8221
2019,3,0.0153000000,0.0259000000,254.148,30977812.58,84508.56,29.9064
2019,4,0.0372000000,-0.0100000000,254.958,32232082.41,83927.95,30.6434
2019,5,-0.0649000000,0.0324000000,255.325,30183797.15,86772.44,28.2721
2019,6,0.0703000000,0.0131000000,255.361,32311051.92,87919.02,29.8918
2019,7,0.0122000000,-0.0014000000,255.900,32775462.62,87982.45,29.9049
2019,8,-0.0169000000,0.0459000000,256.179,32256254.52,92118.26,29.0417
2019,9,0.0171000000,-0.0160000000,256.596,32859791.55,90787.90,29.2014
2019,10,0.0188000000,-0.0030000000,257.305,33571501.50,90770.01,29.4153
2019,11,0.0344000000,-0.0090000000,257.788,34790114.75,90122.73,30.0909
2019,12,0.0283000000,-0.0133000000,258.263,35840179.50,89086.74,30.7002
2020,1,-0.0020000000,0.0372000000,258.682,35826124.68,92549.24,30.4029
2020,2,-0.0835000000,0.0334000000,259.007,32876963.59,95764.54,27.6848
2020,3,-0.1207000000,0.0471000000,258.165,28816213.73,99945.90,24.1946
2020,4,0.1373000000,0.0123000000,256.094,32510280.39,100363.87,27.3608
2020,5,0.0482000000,0.0015000000,255.944,34058662.42,100453.32,28.5464
2020,6,0.0148000000,-0.0048000000,257.217,34736028.29,100472.84,28.8560
2020,7,0.0510000000,0.0066000000,258.543,36694625.19,101658.45,30.2441
2020,8,0.0676000000,-0.0184000000,259.580,39332228.60,100186.60,32.2072
2020,9,-0.0403000000,0.0008000000,260.190,37837714.27,100505.36,30.8327
2020,10,-0.0272000000,-0.0178000000,260.352,36831509.31,98774.92,29.9149
2020,11,0.1079000000,0.0023000000,260.721,40863219.84,99142.48,33.0498
2020,12,0.0351000000,-0.0085000000,261.560,42434352.09,98613.91,34.1788
2021,1,-0.0143000000,-0.0185000000,262.687,42005926.10,97205.49,33.6471
2021,2,0.0241000000,-0.0299000000,263.579,43164218.46,94614.71,34.3769
2021,3,0.0384000000,-0.0353000000,264.961,45054619.39,91752.33,35.5905
2021,4,0.0468000000,0.0054000000,266.614,47459142.44,92827.35,37.1365
2021,5,0.0003000000,-0.0030000000,268.383,47790606.56,93164.01,36.9829
2021,6,0.0148000000,0.0062000000,270.654,48906296.94,94535.02,37.3517
2021,7,0.0191000000,0.0175000000,271.903,50068034.64,96636.27,37.8675
2021,8,0.0275000000,-0.0071000000,272.676,51590385.17,96226.43,38.6830
2021,9,-0.0508000000,-0.0224000000,273.910,49190948.10,94497.62,36.5046
2021,10,0.0598000000,-0.0129000000,276.550,52637332.70,94177.22,38.4654
2021,11,-0.0154000000,0.0054000000,278.919,52272618.27,95499.45,37.6197
2021,12,0.0377000000,-0.0129000000,280.845,54615289.16,94922.09,38.7687
2022,1,-0.0574000000,-0.0284000000,282.543,51789121.45,92785.07,36.2870
2022,2,-0.0366000000,-0.0100000000,284.500,50238442.52,92497.20,34.6995
2022,3,0.0257000000,-0.0525000000,287.674,52103796.34,88616.72,35.3381
2022,4,-0.0900000000,-0.0502000000,288.561,47560260.60,84428.86,31.9510
2022,5,-0.0076000000,-0.0040000000,291.298,47647488.00,84892.37,31.4804
2022,6,-0.0939000000,-0.0225000000,294.957,43714489.36,84020.65,28.3335
2022,7,0.0924000000,0.0317000000,294.913,47745160.81,86673.23,30.7685
2022,8,-0.0414000000,-0.0402000000,295.097,45798048.39,83240.00,29.3030
2022,9,-0.0959000000,-0.0538000000,296.349,41580070.46,79097.68,26.3285
2022,10,0.0749000000,-0.0244000000,298.007,44946446.48,77601.43,28.1419
2022,11,0.0531000000,0.0345000000,298.786,47458267.43,80486.58,29.4507
2022,12,-0.0578000000,-0.0151000000,298.832,44723975.60,79286.34,27.6005
2023,1,0.0572000000,0.0294000000,300.420,47534174.41,82047.88,29.0440
2023,2,-0.0277000000,-0.0343000000,301.450,46374350.79,79504.27,28.0874
2023,3,0.0354000000,0.0375000000,301.821,48076953.05,82584.58,28.9315
2023,4,0.0122000000,0.0038000000,302.845,48827382.12,83183.08,29.1512
2023,5,0.0027000000,-0.0162000000,303.334,49039626.34,81966.57,29.0729
2023,6,0.0637000000,-0.0138000000,304.014,52279946.46,81020.03,30.7757
2023,7,0.0301000000,-0.0101000000,304.609,53959415.69,80356.48,31.5592
2023,8,-0.0207000000,-0.0140000000,306.082,53100321.52,79613.23,30.7423
2023,9,-0.0514000000,-0.0382000000,307.276,50568594.12,76872.83,29.0304
2023,10,-0.0224000000,-0.0239000000,307.696,49505294.87,75139.14,28.2577
2023,11,0.0897000000,0.0470000000,308.148,54026408.52,78783.79,30.6292
2023,12,0.0434000000,0.0400000000,308.741,56480861.73,82090.17,31.8151
2024,1,0.0137000000,-0.0063000000,309.698,57429972.40,81828.33,32.1127
2024,2,0.0491000000,-0.0246000000,310.967,60496493.98,80141.80,33.5249
2024,3,0.0276000000,0.0022000000,312.345,62442951.63,80675.24,34.3016
2024,4,-0.0429000000,-0.0356000000,313.023,59892465.60,77972.24,32.6998
2024,5,0.0491000000,0.0183000000,313.175,62862244.29,79437.59,34.1456
2024,6,0.0363000000,0.0133000000,313.044,65117852.91,80458.94,35.2319
2024,7,0.0105000000,0.0271000000,313.569,65910498.15,82779.74,35.4570
2024,8,0.0226000000,0.0124000000,314.062,67509246.99,83936.08,36.0939
2024,9,0.0192000000,0.0115000000,314.732,68951045.48,85082.66,36.6276
2024,10,-0.0119000000,-0.0383000000,315.631,68325796.87,82059.27,36.0476
2024,11,0.0557000000,0.0073000000,316.528,72336559.96,82890.33,37.8768
2024,12,-0.0271000000,-0.0295000000,317.604,70612194.22,80719.15,36.6736
2025,1,0.0235000000,0.0017000000,318.961,72578554.47,81198.93,37.3631
2025,2,-0.0153000000,0.0286000000,319.679,71631575.79,83708.39,36.6073
2025,3,-0.0567000000,0.0021000000,319.785,67595546.19,83914.94,34.3516
2025,4,-0.0084000000,0.0061000000,320.302,67137149.46,84565.48,33.8925
2025,5,0.0619000000,-0.0146000000,320.620,71363113.13,83415.65,35.7860
2025,6,0.0482000000,0.0136000000,321.435,74992101.47,84762.27,37.2962
2025,7,0.0201000000,-0.0090000000,322.169,76675125.41,84194.67,37.8390
2025,8,0.0167000000,0.0123000000,323.291,78229466.94,85523.40,38.2360
2025,9,0.0335000000,0.0065000000,324.245,81084838.71,86330.07,39.2650
2025,10,0.0221000000,0.0064000000,324.654,82983335.60,86992.00,39.8877
2025,11,0.0012000000,0.0093000000,325.063,83186717.38,87909.26,39.6673
2025,12,-0.0024000000,-0.0111000000,326.031,83237634.92,87193.66,39.3034
2026,1,0.0128000000,-0.0058000000,326.588,84444600.68,86839.12,39.5417
2026,2,-0.0102000000,0.0250000000,327.460,83802833.51,89246.12,38.8567
2026,3,-0.0579000000,-0.0333000000,330.293,79629864.89,87024.52,36.3297
2026,4,0.0979000000,-0.0086000000,332.407,87985153.57,86830.99,39.6010
2026,5,0.0477000000,-0.0040000000,333.979,92616080.99,86894.42,41.1671
2026,6,-0.0053000000,0.0075000000,332.568,91734076.38,87177.40,40.6233
2026,7,0.0033000000,0.0021000000,,,,
2026,8,0.0033000000,0.0021000000,,,,
2026,9,0.0033000000,0.0021000000,,,,
2026,10,0.0033000000,0.0021000000,,,,
2026,11,0.0033000000,0.0021000000,,,,
2026,12,0.0033000000,0.0021000000,,,,
2027,1,0.0033000000,0.0021000000,,,,
2027,2,0.0033000000,0.0021000000,,,,
2027,3,0.0033000000,0.0021000000,,,,
2027,4,0.0033000000,0.0021000000,,,,
2027,5,0.0033000000,0.0021000000,,,,
2027,6,0.0033000000,0.0021000000,,,,
2027,7,0.0033000000,0.0021000000,,,,
2027,8,0.0033000000,0.0021000000,,,,
2027,9,0.0033000000,0.0021000000,,,,
2027,10,0.0033000000,0.0021000000,,,,
2027,11,0.0033000000,0.0021000000,,,,
2027,12,0.0033000000,0.0021000000,,,,
2028,1,0.0033000000,0.0021000000,,,,
2028,2,0.0033000000,0.0021000000,,,,
2028,3,0.0033000000,0.0021000000,,,,
2028,4,0.0033000000,0.0021000000,,,,
2028,5,0.0033000000,0.0021000000,,,,
2028,6,0.0033000000,0.0021000000,,,,
2028,7,0.0033000000,0.0021000000,,,,
2028,8,0.0033000000,0.0021000000,,,,
2028,9,0.0033000000,0.0021000000,,,,
2028,10,0.0033000000,0.0021000000,,,,
2028,11,0.0033000000,0.0021000000,,,,
2028,12,0.0033000000,0.0021000000,,,,
2029,1,0.0033000000,0.0021000000,,,,
2029,2,0.0033000000,0.0021000000,,,,
2029,3,0.0033000000,0.0021000000,,,,
2029,4,0.0033000000,0.0021000000,,,,
2029,5,0.0033000000,0.0021000000,,,,
2029,6,0.0033000000,0.0021000000,,,,
2029,7,0.0033000000,0.0021000000,,,,
2029,8,0.0033000000,0.0021000000,,,,
2029,9,0.0033000000,0.0021000000,,,,
2029,10,0.0033000000,0.0021000000,,,,
2029,11,0.0033000000,0.0021000000,,,,
2029,12,0.0033000000,0.0021000000,,,,
2030,1,0.0033000000,0.0021000000,,,,
2030,2,0.0033000000,0.0021000000,,,,
2030,3,0.0033000000,0.0021000000,,,,
2030,4,0.0033000000,0.0021000000,,,,
2030,5,0.0033000000,0.0021000000,,,,
2030,6,0.0033000000,0.0021000000,,,,
2030,7,0.0033000000,0.0021000000,,,,
2030,8,0.0033000000,0.0021000000,,,,
2030,9,0.0033000000,0.0021000000,,,,
2030,10,0.0033000000,0.0021000000,,,,
2030,11,0.0033000000,0.0021000000,,,,
2030,12,0.0033000000,0.0021000000,,,,
2031,1,0.0033000000,0.0021000000,,,,
2031,2,0.0033000000,0.0021000000,,,,
2031,3,0.0033000000,0.0021000000,,,,
2031,4,0.0033000000,0.0021000000,,,,
2031,5,0.0033000000,0.0021000000,,,,
2031,6,0.0033000000,0.0021000000,,,,
2031,7,0.0033000000,0.0021000000,,,,
2031,8,0.0033000000,0.0021000000,,,,
2031,9,0.0033000000,0.0021000000,,,,
2031,10,0.0033000000,0.0021000000,,,,
2031,11,0.0033000000,0.0021000000,,,,
2031,12,0.0033000000,0.0021000000,,,,
2032,1,0.0033000000,0.0021000000,,,,
2032,2,0.0033000000,0.0021000000,,,,
2032,3,0.0033000000,0.0021000000,,,,
2032,4,0.0033000000,0.0021000000,,,,
2032,5,0.0033000000,0.0021000000,,,,
2032,6,0.0033000000,0.0021000000,,,,
2032,7,0.0033000000,0.0021000000,,,,
2032,8,0.0033000000,0.0021000000,,,,
2032,9,0.0033000000,0.0021000000,,,,
2032,10,0.0033000000,0.0021000000,,,,
2032,11,0.0033000000,0.0021000000,,,,
2032,12,0.0033000000,0.0021000000,,,,
2033,1,0.0033000000,0.0021000000,,,,
2033,2,0.0033000000,0.0021000000,,,,
2033,3,0.0033000000,0.0021000000,,,,
2033,4,0.0033000000,0.0021000000,,,,
2033,5,0.0033000000,0.0021000000,,,,
2033,6,0.0033000000,0.0021000000,,,,
2033,7,0.0033000000,0.0021000000,,,,
2033,8,0.0033000000,0.0021000000,,,,
2033,9,0.0033000000,0.0021000000,,,,
2033,10,0.0033000000,0.0021000000,,,,
2033,11,0.0033000000,0.0021000000,,,,
2033,12,0.0033000000,0.0021000000,,,,
2034,1,0.0033000000,0.0021000000,,,,
2034,2,0.0033000000,0.0021000000,,,,
2034,3,0.0033000000,0.0021000000,,,,
2034,4,0.0033000000,0.0021000000,,,,
2034,5,0.0033000000,0.0021000000,,,,
2034,6,0.0033000000,0.0021000000,,,,
2034,7,0.0033000000,0.0021000000,,,,
2034,8,0.0033000000,0.0021000000,,,,
2034,9,0.0033000000,0.0021000000,,,,
2034,10,0.0033000000,0.0021000000,,,,
2034,11,0.0033000000,0.0021000000,,,,
2034,12,0.0033000000,0.0021000000,,,,
2035,1,0.0033000000,0.0021000000,,,,
2035,2,0.0033000000,0.0021000000,,,,
2035,3,0.0033000000,0.0021000000,,,,
2035,4,0.0033000000,0.0021000000,,,,
2035,5,0.0033000000,0.0021000000,,,,
2035,6,0.0033000000,0.0021000000,,,,
2035,7,0.0033000000,0.0021000000,,,,
2035,8,0.0033000000,0.0021000000,,,,
2035,9,0.0033000000,0.0021000000,,,,
2035,10,0.0033000000,0.0021000000,,,,
2035,11,0.0033000000,0.0021000000,,,,
2035,12,0.0033000000,0.0021000000,,,,
2036,1,0.0033000000,0.0021000000,,,,
2036,2,0.0033000000,0.0021000000,,,,
2036,3,0.0033000000,0.0021000000,,,,
2036,4,0.0033000000,0.0021000000,,,,
2036,5,0.0033000000,0.0021000000,,,,
2036,6,0.0033000000,0.0021000000,,,,
2036,7,0.0045000000,0.0019000000,,,,
2036,8,0.0045000000,0.0019000000,,,,
2036,9,0.0045000000,0.0019000000,,,,
2036,10,0.0045000000,0.0019000000,,,,
2036,11,0.0045000000,0.0019000000,,,,
2036,12,0.0045000000,0.0019000000,,,,
2037,1,0.0045000000,0.0019000000,,,,
2037,2,0.0045000000,0.0019000000,,,,
2037,3,0.0045000000,0.0019000000,,,,
2037,4,0.0045000000,0.0019000000,,,,
2037,5,0.0045000000,0.0019000000,,,,
2037,6,0.0045000000,0.0019000000,,,,
2037,7,0.0045000000,0.0019000000,,,,
2037,8,0.0045000000,0.0019000000,,,,
2037,9,0.0045000000,0.0019000000,,,,
2037,10,0.0045000000,0.0019000000,,,,
2037,11,0.0045000000,0.0019000000,,,,
2037,12,0.0045000000,0.0019000000,,,,
2038,1,0.0045000000,0.0019000000,,,,
2038,2,0.0045000000,0.0019000000,,,,
2038,3,0.0045000000,0.0019000000,,,,
2038,4,0.0045000000,0.0019000000,,,,
2038,5,0.0045000000,0.0019000000,,,,
2038,6,0.0045000000,0.0019000000,,,,
2038,7,0.0045000000,0.0019000000,,,,
2038,8,0.0045000000,0.0019000000,,,,
2038,9,0.0045000000,0.0019000000,,,,
2038,10,0.0045000000,0.0019000000,,,,
2038,11,0.0045000000,0.0019000000,,,,
2038,12,0.0045000000,0.0019000000,,,,
2039,1,0.0045000000,0.0019000000,,,,
2039,2,0.0045000000,0.0019000000,,,,
2039,3,0.0045000000,0.0019000000,,,,
2039,4,0.0045000000,0.0019000000,,,,
2039,5,0.0045000000,0.0019000000,,,,
2039,6,0.0045000000,0.0019000000,,,,
2039,7,0.0045000000,0.0019000000,,,,
2039,8,0.0045000000,0.0019000000,,,,
2039,9,0.0045000000,0.0019000000,,,,
2039,10,0.0045000000,0.0019000000,,,,
2039,11,0.0045000000,0.0019000000,,,,
2039,12,0.0045000000,0.0019000000,,,,
2040,1,0.0045000000,0.0019000000,,,,
2040,2,0.0045000000,0.0019000000,,,,
2040,3,0.0045000000,0.0019000000,,,,
2040,4,0.0045000000,0.0019000000,,,,
2040,5,0.0045000000,0.0019000000,,,,
2040,6,0.0045000000,0.0019000000,,,,
2040,7,0.0045000000,0.0019000000,,,,
2040,8,0.0045000000,0.0019000000,,,,
2040,9,0.0045000000,0.0019000000,,,,
2040,10,0.0045000000,0.0019000000,,,,
2040,11,0.0045000000,0.0019000000,,,,
2040,12,0.0045000000,0.0019000000,,,,
2041,1,0.0045000000,0.0019000000,,,,
2041,2,0.0045000000,0.0019000000,,,,
2041,3,0.0045000000,0.0019000000,,,,
2041,4,0.0045000000,0.0019000000,,,,
2041,5,0.0045000000,0.0019000000,,,,
2041,6,0.0045000000,0.0019000000,,,,
2041,7,0.0045000000,0.0019000000,,,,
2041,8,0.0045000000,0.0019000000,,,,
2041,9,0.0045000000,0.0019000000,,,,
2041,10,0.0045000000,0.0019000000,,,,
2041,11,0.0045000000,0.0019000000,,,,
2041,12,0.0045000000,0.0019000000,,,,
2042,1,0.0045000000,0.0019000000,,,,
2042,2,0.0045000000,0.0019000000,,,,
2042,3,0.0045000000,0.0019000000,,,,
2042,4,0.0045000000,0.0019000000,,,,
2042,5,0.0045000000,0.0019000000,,,,
2042,6,0.0045000000,0.0019000000,,,,
2042,7,0.0045000000,0.0019000000,,,,
2042,8,0.0045000000,0.0019000000,,,,
2042,9,0.0045000000,0.0019000000,,,,
2042,10,0.0045000000,0.0019000000,,,,
2042,11,0.0045000000,0.0019000000,,,,
2042,12,0.0045000000,0.0019000000,,,,
2043,1,0.0045000000,0.0019000000,,,,
2043,2,0.0045000000,0.0019000000,,,,
2043,3,0.0045000000,0.0019000000,,,,
2043,4,0.0045000000,0.0019000000,,,,
2043,5,0.0045000000,0.0019000000,,,,
2043,6,0.0045000000,0.0019000000,,,,
2043,7,0.0045000000,0.0019000000,,,,
2043,8,0.0045000000,0.0019000000,,,,
2043,9,0.0045000000,0.0019000000,,,,
2043,10,0.0045000000,0.0019000000,,,,
2043,11,0.0045000000,0.0019000000,,,,
2043,12,0.0045000000,0.0019000000,,,,
2044,1,0.0045000000,0.0019000000,,,,
2044,2,0.0045000000,0.0019000000,,,,
2044,3,0.0045000000,0.0019000000,,,,
2044,4,0.0045000000,0.0019000000,,,,
2044,5,0.0045000000,0.0019000000,,,,
2044,6,0.0045000000,0.0019000000,,,,
2044,7,0.0045000000,0.0019000000,,,,
2044,8,0.0045000000,0.0019000000,,,,
2044,9,0.0045000000,0.0019000000,,,,
2044,10,0.0045000000,0.0019000000,,,,
2044,11,0.0045000000,0.0019000000,,,,
2044,12,0.0045000000,0.0019000000,,,,
2045,1,0.0045000000,0.0019000000,,,,
2045,2,0.0045000000,0.0019000000,,,,
2045,3,0.0045000000,0.0019000000,,,,
2045,4,0.0045000000,0.0019000000,,,,
2045,5,0.0045000000,0.0019000000,,,,
2045,6,0.0045000000,0.0019000000,,,,
2045,7,0.0045000000,0.0019000000,,,,
2045,8,0.0045000000,0.0019000000,,,,
2045,9,0.0045000000,0.0019000000,,,,
2045,10,0.0045000000,0.0019000000,,,,
2045,11,0.0045000000,0.0019000000,,,,
2045,12,0.0045000000,0.0019000000,,,,
2046,1,0.0045000000,0.0019000000,,,,
2046,2,0.0045000000,0.0019000000,,,,
2046,3,0.0045000000,0.0019000000,,,,
2046,4,0.0045000000,0.0019000000,,,,
2046,5,0.0045000000,0.0019000000,,,,
2046,6,0.0045000000,0.0019000000,,,,
2046,7,0.0045000000,0.0019000000,,,,
2046,8,0.0045000000,0.0019000000,,,,
2046,9,0.0045000000,0.0019000000,,,,
2046,10,0.0045000000,0.0019000000,,,,
2046,11,0.0045000000,0.0019000000,,,,
2046,12,0.0045000000,0.0019000000,,,,
2047,1,0.0045000000,0.0019000000,,,,
2047,2,0.0045000000,0.0019000000,,,,
2047,3,0.0045000000,0.0019000000,,,,
2047,4,0.0045000000,0.0019000000,,,,
2047,5,0.0045000000,0.0019000000,,,,
2047,6,0.0045000000,0.0019000000,,,,
2047,7,0.0045000000,0.0019000000,,,,
2047,8,0.0045000000,0.0019000000,,,,
2047,9,0.0045000000,0.0019000000,,,,
2047,10,0.0045000000,0.0019000000,,,,
2047,11,0.0045000000,0.0019000000,,,,
2047,12,0.0045000000,0.0019000000,,,,
2048,1,0.0045000000,0.0019000000,,,,
2048,2,0.0045000000,0.0019000000,,,,
2048,3,0.0045000000,0.0019000000,,,,
2048,4,0.0045000000,0.0019000000,,,,
2048,5,0.0045000000,0.0019000000,,,,
2048,6,0.0045000000,0.0019000000,,,,
2048,7,0.0045000000,0.0019000000,,,,
2048,8,0.0045000000,0.0019000000,,,,
2048,9,0.0045000000,0.0019000000,,,,
2048,10,0.0045000000,0.0019000000,,,,
2048,11,0.0045000000,0.0019000000,,,,
2048,12,0.0045000000,0.0019000000,,,,
2049,1,0.0045000000,0.0019000000,,,,
2049,2,0.0045000000,0.0019000000,,,,
2049,3,0.0045000000,0.0019000000,,,,
2049,4,0.0045000000,0.0019000000,,,,
2049,5,0.0045000000,0.0019000000,,,,
2049,6,0.0045000000,0.0019000000,,,,
2049,7,0.0045000000,0.0019000000,,,,
2049,8,0.0045000000,0.0019000000,,,,
2049,9,0.0045000000,0.0019000000,,,,
2049,10,0.0045000000,0.0019000000,,,,
2049,11,0.0045000000,0.0019000000,,,,
2049,12,0.0045000000,0.0019000000,,,,
2050,1,0.0045000000,0.0019000000,,,,
2050,2,0.0045000000,0.0019000000,,,,
2050,3,0.0045000000,0.0019000000,,,,
2050,4,0.0045000000,0.0019000000,,,,
2050,5,0.0045000000,0.0019000000,,,,
2050,6,0.0045000000,0.0019000000,,,,
2050,7,0.0045000000,0.0019000000,,,,
2050,8,0.0045000000,0.0019000000,,,,
2050,9,0.0045000000,0.0019000000,,,,
2050,10,0.0045000000,0.0019000000,,,,
2050,11,0.0045000000,0.0019000000,,,,
2050,12,0.0045000000,0.0019000000,,,,
2051,1,0.0045000000,0.0019000000,,,,
2051,2,0.0045000000,0.0019000000,,,,
2051,3,0.0045000000,0.0019000000,,,,
2051,4,0.0045000000,0.0019000000,,,,
2051,5,0.0045000000,0.0019000000,,,,
2051,6,0.0045000000,0.0019000000,,,,
2051,7,0.0045000000,0.0019000000,,,,
2051,8,0.0045000000,0.0019000000,,,,
2051,9,0.0045000000,0.0019000000,,,,
2051,10,0.0045000000,0.0019000000,,,,
2051,11,0.0045000000,0.0019000000,,,,
2051,12,0.0045000000,0.0019000000,,,,
2052,1,0.0045000000,0.0019000000,,,,
2052,2,0.0045000000,0.0019000000,,,,
2052,3,0.0045000000,0.0019000000,,,,
2052,4,0.0045000000,0.0019000000,,,,
2052,5,0.0045000000,0.0019000000,,,,
2052,6,0.0045000000,0.0019000000,,,,
2052,7,0.0045000000,0.0019000000,,,,
2052,8,0.0045000000,0.0019000000,,,,
2052,9,0.0045000000,0.0019000000,,,,
2052,10,0.0045000000,0.0019000000,,,,
2052,11,0.0045000000,0.0019000000,,,,
2052,12,0.0045000000,0.0019000000,,,,
2053,1,0.0045000000,0.0019000000,,,,
2053,2,0.0045000000,0.0019000000,,,,
2053,3,0.0045000000,0.0019000000,,,,
2053,4,0.0045000000,0.0019000000,,,,
2053,5,0.0045000000,0.0019000000,,,,
2053,6,0.0045000000,0.0019000000,,,,
2053,7,0.0045000000,0.0019000000,,,,
2053,8,0.0045000000,0.0019000000,,,,
2053,9,0.0045000000,0.0019000000,,,,
2053,10,0.0045000000,0.0019000000,,,,
2053,11,0.0045000000,0.0019000000,,,,
2053,12,0.0045000000,0.0019000000,,,,
2054,1,0.0045000000,0.0019000000,,,,
2054,2,0.0045000000,0.0019000000,,,,
2054,3,0.0045000000,0.0019000000,,,,
2054,4,0.0045000000,0.0019000000,,,,
2054,5,0.0045000000,0.0019000000,,,,
2054,6,0.0045000000,0.0019000000,,,,
2054,7,0.0045000000,0.0019000000,,,,
2054,8,0.0045000000,0.0019000000,,,,
2054,9,0.0045000000,0.0019000000,,,,
2054,10,0.0045000000,0.0019000000,,,,
2054,11,0.0045000000,0.0019000000,,,,
2054,12,0.0045000000,0.0019000000,,,,
2055,1,0.0045000000,0.0019000000,,,,
2055,2,0.0045000000,0.0019000000,,,,
2055,3,0.0045000000,0.0019000000,,,,
2055,4,0.0045000000,0.0019000000,,,,
2055,5,0.0045000000,0.0019000000,,,,
2055,6,0.0045000000,0.0019000000,,,,
2055,7,0.0045000000,0.0019000000,,,,
2055,8,0.0045000000,0.0019000000,,,,
2055,9,0.0045000000,0.0019000000,,,,
2055,10,0.0045000000,0.0019000000,,,,
2055,11,0.0045000000,0.0019000000,,,,
2055,12,0.0045000000,0.0019000000,,,,
2056,1,0.0045000000,0.0019000000,,,,
2056,2,0.0045000000,0.0019000000,,,,
2056,3,0.0045000000,0.0019000000,,,,
2056,4,0.0045000000,0.0019000000,,,,
2056,5,0.0045000000,0.0019000000,,,,
2056,6,0.0045000000,0.0019000000,,,,
2056,7,0.0045000000,0.0019000000,,,,
2056,8,0.0045000000,0.0019000000,,,,
2056,9,0.0045000000,0.0019000000,,,,
2056,10,0.0045000000,0.0019000000,,,,
2056,11,0.0045000000,0.0019000000,,,,
2056,12,0.0045000000,0.0019000000,,,,
2057,1,0.0045000000,0.0019000000,,,,
2057,2,0.0045000000,0.0019000000,,,,
2057,3,0.0045000000,0.0019000000,,,,
2057,4,0.0045000000,0.0019000000,,,,
2057,5,0.0045000000,0.0019000000,,,,
2057,6,0.0045000000,0.0019000000,,,,
2057,7,0.0045000000,0.0019000000,,,,
2057,8,0.0045000000,0.0019000000,,,,
2057,9,0.0045000000,0.0019000000,,,,
2057,10,0.0045000000,0.0019000000,,,,
2057,11,0.0045000000,0.0019000000,,,,
2057,12,0.0045000000,0.0019000000,,,,
2058,1,0.0045000000,0.0019000000,,,,
2058,2,0.0045000000,0.0019000000,,,,
2058,3,0.0045000000,0.0019000000,,,,
2058,4,0.0045000000,0.0019000000,,,,
2058,5,0.0045000000,0.0019000000,,,,
2058,6,0.0045000000,0.0019000000,,,,
2058,7,0.0045000000,0.0019000000,,,,
2058,8,0.0045000000,0.0019000000,,,,
2058,9,0.0045000000,0.0019000000,,,,
2058,10,0.0045000000,0.0019000000,,,,
2058,11,0.0045000000,0.0019000000,,,,
2058,12,0.0045000000,0.0019000000,,,,
2059,1,0.0045000000,0.0019000000,,,,
2059,2,0.0045000000,0.0019000000,,,,
2059,3,0.0045000000,0.0019000000,,,,
2059,4,0.0045000000,0.0019000000,,,,
2059,5,0.0045000000,0.0019000000,,,,
2059,6,0.0045000000,0.0019000000,,,,
2059,7,0.0045000000,0.0019000000,,,,
2059,8,0.0045000000,0.0019000000,,,,
2059,9,0.0045000000,0.0019000000,,,,
2059,10,0.0045000000,0.0019000000,,,,
2059,11,0.0045000000,0.0019000000,,,,
2059,12,0.0045000000,0.0019000000,,,,
2060,1,0.0045000000,0.0019000000,,,,
2060,2,0.0045000000,0.0019000000,,,,
2060,3,0.0045000000,0.0019000000,,,,
2060,4,0.0045000000,0.0019000000,,,,
2060,5,0.0045000000,0.0019000000,,,,
2060,6,0.0045000000,0.0019000000,,,,
2060,7,0.0045000000,0.0019000000,,,,
2060,8,0.0045000000,0.0019000000,,,,
2060,9,0.0045000000,0.0019000000,,,,
2060,10,0.0045000000,0.0019000000,,,,
2060,11,0.0045000000,0.0019000000,,,,
2060,12,0.0045000000,0.0019000000,,,,
2061,1,0.0045000000,0.0019000000,,,,
2061,2,0.0045000000,0.0019000000,,,,
2061,3,0.0045000000,0.0019000000,,,,
2061,4,0.0045000000,0.0019000000,,,,
2061,5,0.0045000000,0.0019000000,,,,
2061,6,0.0045000000,0.0019000000,,,,
2061,7,0.0045000000,0.0019000000,,,,
2061,8,0.0045000000,0.0019000000,,,,
2061,9,0.0045000000,0.0019000000,,,,
2061,10,0.0045000000,0.0019000000,,,,
2061,11,0.0045000000,0.0019000000,,,,
2061,12,0.0045000000,0.0019000000,,,,
2062,1,0.0045000000,0.0019000000,,,,
2062,2,0.0045000000,0.0019000000,,,,
2062,3,0.0045000000,0.0019000000,,,,
2062,4,0.0045000000,0.0019000000,,,,
2062,5,0.0045000000,0.0019000000,,,,
2062,6,0.0045000000,0.0019000000,,,,
2062,7,0.0045000000,0.0019000000,,,,
2062,8,0.0045000000,0.0019000000,,,,
2062,9,0.0045000000,0.0019000000,,,,
2062,10,0.0045000000,0.0019000000,,,,
2062,11,0.0045000000,0.0019000000,,,,
2062,12,0.0045000000,0.0019000000,,,,
2063,1,0.0045000000,0.0019000000,,,,
2063,2,0.0045000000,0.0019000000,,,,
2063,3,0.0045000000,0.0019000000,,,,
2063,4,0.0045000000,0.0019000000,,,,
2063,5,0.0045000000,0.0019000000,,,,
2063,6,0.0045000000,0.0019000000,,,,
2063,7,0.0045000000,0.0019000000,,,,
2063,8,0.0045000000,0.0019000000,,,,
2063,9,0.0045000000,0.0019000000,,,,
2063,10,0.0045000000,0.0019000000,,,,
2063,11,0.0045000000,0.0019000000,,,,
2063,12,0.0045000000,0.0019000000,,,,
2064,1,0.0045000000,0.0019000000,,,,
2064,2,0.0045000000,0.0019000000,,,,
2064,3,0.0045000000,0.0019000000,,,,
2064,4,0.0045000000,0.0019000000,,,,
2064,5,0.0045000000,0.0019000000,,,,
2064,6,0.0045000000,0.0019000000,,,,
2064,7,0.0045000000,0.0019000000,,,,
2064,8,0.0045000000,0.0019000000,,,,
2064,9,0.0045000000,0.0019000000,,,,
2064,10,0.0045000000,0.0019000000,,,,
2064,11,0.0045000000,0.0019000000,,,,
2064,12,0.0045000000,0.0019000000,,,,
2065,1,0.0045000000,0.0019000000,,,,
2065,2,0.0045000000,0.0019000000,,,,
2065,3,0.0045000000,0.0019000000,,,,
2065,4,0.0045000000,0.0019000000,,,,
2065,5,0.0045000000,0.0019000000,,,,
2065,6,0.0045000000,0.0019000000,,,,
2065,7,0.0045000000,0.0019000000,,,,
2065,8,0.0045000000,0.0019000000,,,,
2065,9,0.0045000000,0.0019000000,,,,
2065,10,0.0045000000,0.0019000000,,,,
2065,11,0.0045000000,0.0019000000,,,,
2065,12,0.0045000000,0.0019000000,,,,
2066,1,0.0045000000,0.0019000000,,,,
2066,2,0.0045000000,0.0019000000,,,,
2066,3,0.0045000000,0.0019000000,,,,
2066,4,0.0045000000,0.0019000000,,,,
2066,5,0.0045000000,0.0019000000,,,,
2066,6,0.0045000000,0.0019000000,,,,
2066,7,0.0045000000,0.0019000000,,,,
2066,8,0.0045000000,0.0019000000,,,,
2066,9,0.0045000000,0.0019000000,,,,
2066,10,0.0045000000,0.0019000000,,,,
2066,11,0.0045000000,0.0019000000,,,,
2066,12,0.0045000000,0.0019000000,,,,
2067,1,0.0045000000,0.0019000000,,,,
2067,2,0.0045000000,0.0019000000,,,,
2067,3,0.0045000000,0.0019000000,,,,
2067,4,0.0045000000,0.0019000000,,,,
2067,5,0.0045000000,0.0019000000,,,,
2067,6,0.0045000000,0.0019000000,,,,
2067,7,0.0045000000,0.0019000000,,,,
2067,8,0.0045000000,0.0019000000,,,,
2067,9,0.0045000000,0.0019000000,,,,
2067,10,0.0045000000,0.0019000000,,,,
2067,11,0.0045000000,0.0019000000,,,,
2067,12,0.0045000000,0.0019000000,,,,
2068,1,0.0045000000,0.0019000000,,,,
2068,2,0.0045000000,0.0019000000,,,,
2068,3,0.0045000000,0.0019000000,,,,
2068,4,0.0045000000,0.0019000000,,,,
2068,5,0.0045000000,0.0019000000,,,,
2068,6,0.0045000000,0.0019000000,,,,
2068,7,0.0045000000,0.0019000000,,,,
2068,8,0.0045000000,0.0019000000,,,,
2068,9,0.0045000000,0.0019000000,,,,
2068,10,0.0045000000,0.0019000000,,,,
2068,11,0.0045000000,0.0019000000,,,,
2068,12,0.0045000000,0.0019000000,,,,
2069,1,0.0045000000,0.0019000000,,,,
2069,2,0.0045000000,0.0019000000,,,,
2069,3,0.0045000000,0.0019000000,,,,
2069,4,0.0045000000,0.0019000000,,,,
2069,5,0.0045000000,0.0019000000,,,,
2069,6,0.0045000000,0.0019000000,,,,
2069,7,0.0045000000,0.0019000000,,,,
2069,8,0.0045000000,0.0019000000,,,,
2069,9,0.0045000000,0.0019000000,,,,
2069,10,0.0045000000,0.0019000000,,,,
2069,11,0.0045000000,0.0019000000,,,,
2069,12,0.0045000000,0.0019000000,,,,
2070,1,0.0045000000,0.0019000000,,,,
2070,2,0.0045000000,0.0019000000,,,,
2070,3,0.0045000000,0.0019000000,,,,
2070,4,0.0045000000,0.0019000000,,,,
2070,5,0.0045000000,0.0019000000,,,,
2070,6,0.0045000000,0.0019000000,,,,
2070,7,0.0045000000,0.0019000000,,,,
2070,8,0.0045000000,0.0019000000,,,,
2070,9,0.0045000000,0.0019000000,,,,
2070,10,0.0045000000,0.0019000000,,,,
2070,11,0.0045000000,0.0019000000,,,,
2070,12,0.0045000000,0.0019000000,,,,
2071,1,0.0045000000,0.0019000000,,,,
2071,2,0.0045000000,0.0019000000,,,,
2071,3,0.0045000000,0.0019000000,,,,
2071,4,0.0045000000,0.0019000000,,,,
2071,5,0.0045000000,0.0019000000,,,,
2071,6,0.0045000000,0.0019000000,,,,
2071,7,0.0045000000,0.0019000000,,,,
2071,8,0.0045000000,0.0019000000,,,,
2071,9,0.0045000000,0.0019000000,,,,
2071,10,0.0045000000,0.0019000000,,,,
2071,11,0.0045000000,0.0019000000,,,,
2071,12,0.0045000000,0.0019000000,,,,
2072,1,0.0045000000,0.0019000000,,,,
2072,2,0.0045000000,0.0019000000,,,,
2072,3,0.0045000000,0.0019000000,,,,
2072,4,0.0045000000,0.0019000000,,,,
2072,5,0.0045000000,0.0019000000,,,,
2072,6,0.0045000000,0.0019000000,,,,
2072,7,0.0045000000,0.0019000000,,,,
2072,8,0.0045000000,0.0019000000,,,,
2072,9,0.0045000000,0.0019000000,,,,
2072,10,0.0045000000,0.0019000000,,,,
2072,11,0.0045000000,0.0019000000,,,,
2072,12,0.0045000000,0.0019000000,,,,
2073,1,0.0045000000,0.0019000000,,,,
2073,2,0.0045000000,0.0019000000,,,,
2073,3,0.0045000000,0.0019000000,,,,
2073,4,0.0045000000,0.0019000000,,,,
2073,5,0.0045000000,0.0019000000,,,,
2073,6,0.0045000000,0.0019000000,,,,
2073,7,0.0045000000,0.0019000000,,,,
2073,8,0.0045000000,0.0019000000,,,,
2073,9,0.0045000000,0.0019000000,,,,
2073,10,0.0045000000,0.0019000000,,,,
2073,11,0.0045000000,0.0019000000,,,,
2073,12,0.0045000000,0.0019000000,,,,
2074,1,0.0045000000,0.0019000000,,,,
2074,2,0.0045000000,0.0019000000,,,,
2074,3,0.0045000000,0.0019000000,,,,
2074,4,0.0045000000,0.0019000000,,,,
2074,5,0.0045000000,0.0019000000,,,,
2074,6,0.0045000000,0.0019000000,,,,
2074,7,0.0045000000,0.0019000000,,,,
2074,8,0.0045000000,0.0019000000,,,,
2074,9,0.0045000000,0.0019000000,,,,
2074,10,0.0045000000,0.0019000000,,,,
2074,11,0.0045000000,0.0019000000,,,,
2074,12,0.0045000000,0.0019000000,,,,
2075,1,0.0045000000,0.0019000000,,,,
2075,2,0.0045000000,0.0019000000,,,,
2075,3,0.0045000000,0.0019000000,,,,
2075,4,0.0045000000,0.0019000000,,,,
2075,5,0.0045000000,0.0019000000,,,,
2075,6,0.0045000000,0.0019000000,,,,
2075,7,0.0045000000,0.0019000000,,,,
2075,8,0.0045000000,0.0019000000,,,,
2075,9,0.0045000000,0.0019000000,,,,
2075,10,0.0045000000,0.0019000000,,,,
2075,11,0.0045000000,0.0019000000,,,,
2075,12,0.0045000000,0.0019000000,,,,
2076,1,0.0045000000,0.0019000000,,,,
2076,2,0.0045000000,0.0019000000,,,,
2076,3,0.0045000000,0.0019000000,,,,
2076,4,0.0045000000,0.0019000000,,,,
2076,5,0.0045000000,0.0019000000,,,,
2076,6,0.0045000000,0.0019000000,,,,
2076,7,0.0045000000,0.0019000000,,,,
2076,8,0.0045000000,0.0019000000,,,,
2076,9,0.0045000000,0.0019000000,,,,
2076,10,0.0045000000,0.0019000000,,,,
2076,11,0.0045000000,0.0019000000,,,,
2076,12,0.0045000000,0.0019000000,,,,
